run_name,embedding,split_source,family,arch,preset,true_code,pred_code,count
seg-v2-global-unet-small,,,,,,1,1,138
seg-v2-global-unet-small,,,,,,1,2,2
seg-v2-global-unet-small,,,,,,1,3,21
seg-v2-global-unet-small,,,,,,1,4,25
seg-v2-global-unet-small,,,,,,1,5,0
seg-v2-global-unet-small,,,,,,1,6,3
seg-v2-global-unet-small,,,,,,1,7,16
seg-v2-global-unet-small,,,,,,1,8,5
seg-v2-global-unet-small,,,,,,1,9,0
seg-v2-global-unet-small,,,,,,1,10,0
seg-v2-global-unet-small,,,,,,1,11,0
seg-v2-global-unet-small,,,,,,1,12,0
seg-v2-global-unet-small,,,,,,1,13,2
seg-v2-global-unet-small,,,,,,1,14,0
seg-v2-global-unet-small,,,,,,1,15,0
seg-v2-global-unet-small,,,,,,1,16,0
seg-v2-global-unet-small,,,,,,1,17,14
seg-v2-global-unet-small,,,,,,2,1,299
seg-v2-global-unet-small,,,,,,2,2,343
seg-v2-global-unet-small,,,,,,2,3,112
seg-v2-global-unet-small,,,,,,2,4,16
seg-v2-global-unet-small,,,,,,2,5,6
seg-v2-global-unet-small,,,,,,2,6,6
seg-v2-global-unet-small,,,,,,2,7,59
seg-v2-global-unet-small,,,,,,2,8,158
seg-v2-global-unet-small,,,,,,2,9,0
seg-v2-global-unet-small,,,,,,2,10,13
seg-v2-global-unet-small,,,,,,2,11,0
seg-v2-global-unet-small,,,,,,2,12,0
seg-v2-global-unet-small,,,,,,2,13,1
seg-v2-global-unet-small,,,,,,2,14,10
seg-v2-global-unet-small,,,,,,2,15,0
seg-v2-global-unet-small,,,,,,2,16,0
seg-v2-global-unet-small,,,,,,2,17,4
seg-v2-global-unet-small,,,,,,3,1,65
seg-v2-global-unet-small,,,,,,3,2,19
seg-v2-global-unet-small,,,,,,3,3,1075
seg-v2-global-unet-small,,,,,,3,4,3
seg-v2-global-unet-small,,,,,,3,5,14
seg-v2-global-unet-small,,,,,,3,6,270
seg-v2-global-unet-small,,,,,,3,7,324
seg-v2-global-unet-small,,,,,,3,8,128
seg-v2-global-unet-small,,,,,,3,9,7
seg-v2-global-unet-small,,,,,,3,10,0
seg-v2-global-unet-small,,,,,,3,11,1
seg-v2-global-unet-small,,,,,,3,12,17
seg-v2-global-unet-small,,,,,,3,13,1
seg-v2-global-unet-small,,,,,,3,14,18
seg-v2-global-unet-small,,,,,,3,15,0
seg-v2-global-unet-small,,,,,,3,16,53
seg-v2-global-unet-small,,,,,,3,17,18
seg-v2-global-unet-small,,,,,,4,1,120
seg-v2-global-unet-small,,,,,,4,2,76
seg-v2-global-unet-small,,,,,,4,3,181
seg-v2-global-unet-small,,,,,,4,4,126
seg-v2-global-unet-small,,,,,,4,5,75
seg-v2-global-unet-small,,,,,,4,6,38
seg-v2-global-unet-small,,,,,,4,7,3
seg-v2-global-unet-small,,,,,,4,8,28
seg-v2-global-unet-small,,,,,,4,9,8
seg-v2-global-unet-small,,,,,,4,10,4
seg-v2-global-unet-small,,,,,,4,11,8
seg-v2-global-unet-small,,,,,,4,12,0
seg-v2-global-unet-small,,,,,,4,13,21
seg-v2-global-unet-small,,,,,,4,14,52
seg-v2-global-unet-small,,,,,,4,15,0
seg-v2-global-unet-small,,,,,,4,16,31
seg-v2-global-unet-small,,,,,,4,17,4
seg-v2-global-unet-small,,,,,,5,1,31
seg-v2-global-unet-small,,,,,,5,2,49
seg-v2-global-unet-small,,,,,,5,3,178
seg-v2-global-unet-small,,,,,,5,4,15
seg-v2-global-unet-small,,,,,,5,5,149
seg-v2-global-unet-small,,,,,,5,6,115
seg-v2-global-unet-small,,,,,,5,7,10
seg-v2-global-unet-small,,,,,,5,8,47
seg-v2-global-unet-small,,,,,,5,9,17
seg-v2-global-unet-small,,,,,,5,10,0
seg-v2-global-unet-small,,,,,,5,11,8
seg-v2-global-unet-small,,,,,,5,12,0
seg-v2-global-unet-small,,,,,,5,13,31
seg-v2-global-unet-small,,,,,,5,14,4
seg-v2-global-unet-small,,,,,,5,15,0
seg-v2-global-unet-small,,,,,,5,16,3
seg-v2-global-unet-small,,,,,,5,17,15
seg-v2-global-unet-small,,,,,,6,1,13
seg-v2-global-unet-small,,,,,,6,2,0
seg-v2-global-unet-small,,,,,,6,3,237
seg-v2-global-unet-small,,,,,,6,4,41
seg-v2-global-unet-small,,,,,,6,5,13
seg-v2-global-unet-small,,,,,,6,6,817
seg-v2-global-unet-small,,,,,,6,7,52
seg-v2-global-unet-small,,,,,,6,8,33
seg-v2-global-unet-small,,,,,,6,9,100
seg-v2-global-unet-small,,,,,,6,10,1
seg-v2-global-unet-small,,,,,,6,11,26
seg-v2-global-unet-small,,,,,,6,12,20
seg-v2-global-unet-small,,,,,,6,13,163
seg-v2-global-unet-small,,,,,,6,14,24
seg-v2-global-unet-small,,,,,,6,15,0
seg-v2-global-unet-small,,,,,,6,16,31
seg-v2-global-unet-small,,,,,,6,17,9
seg-v2-global-unet-small,,,,,,7,1,8
seg-v2-global-unet-small,,,,,,7,2,0
seg-v2-global-unet-small,,,,,,7,3,18
seg-v2-global-unet-small,,,,,,7,4,0
seg-v2-global-unet-small,,,,,,7,5,0
seg-v2-global-unet-small,,,,,,7,6,2
seg-v2-global-unet-small,,,,,,7,7,172
seg-v2-global-unet-small,,,,,,7,8,167
seg-v2-global-unet-small,,,,,,7,9,0
seg-v2-global-unet-small,,,,,,7,10,0
seg-v2-global-unet-small,,,,,,7,11,0
seg-v2-global-unet-small,,,,,,7,12,0
seg-v2-global-unet-small,,,,,,7,13,30
seg-v2-global-unet-small,,,,,,7,14,6
seg-v2-global-unet-small,,,,,,7,15,1
seg-v2-global-unet-small,,,,,,7,16,0
seg-v2-global-unet-small,,,,,,7,17,0
seg-v2-global-unet-small,,,,,,8,1,26
seg-v2-global-unet-small,,,,,,8,2,40
seg-v2-global-unet-small,,,,,,8,3,147
seg-v2-global-unet-small,,,,,,8,4,21
seg-v2-global-unet-small,,,,,,8,5,22
seg-v2-global-unet-small,,,,,,8,6,85
seg-v2-global-unet-small,,,,,,8,7,146
seg-v2-global-unet-small,,,,,,8,8,1727
seg-v2-global-unet-small,,,,,,8,9,17
seg-v2-global-unet-small,,,,,,8,10,19
seg-v2-global-unet-small,,,,,,8,11,19
seg-v2-global-unet-small,,,,,,8,12,1
seg-v2-global-unet-small,,,,,,8,13,134
seg-v2-global-unet-small,,,,,,8,14,113
seg-v2-global-unet-small,,,,,,8,15,12
seg-v2-global-unet-small,,,,,,8,16,75
seg-v2-global-unet-small,,,,,,8,17,36
seg-v2-global-unet-small,,,,,,9,1,3
seg-v2-global-unet-small,,,,,,9,2,13
seg-v2-global-unet-small,,,,,,9,3,71
seg-v2-global-unet-small,,,,,,9,4,19
seg-v2-global-unet-small,,,,,,9,5,49
seg-v2-global-unet-small,,,,,,9,6,528
seg-v2-global-unet-small,,,,,,9,7,70
seg-v2-global-unet-small,,,,,,9,8,5
seg-v2-global-unet-small,,,,,,9,9,651
seg-v2-global-unet-small,,,,,,9,10,0
seg-v2-global-unet-small,,,,,,9,11,25
seg-v2-global-unet-small,,,,,,9,12,10
seg-v2-global-unet-small,,,,,,9,13,160
seg-v2-global-unet-small,,,,,,9,14,68
seg-v2-global-unet-small,,,,,,9,15,0
seg-v2-global-unet-small,,,,,,9,16,59
seg-v2-global-unet-small,,,,,,9,17,23
seg-v2-global-unet-small,,,,,,10,1,0
seg-v2-global-unet-small,,,,,,10,2,43
seg-v2-global-unet-small,,,,,,10,3,24
seg-v2-global-unet-small,,,,,,10,4,3
seg-v2-global-unet-small,,,,,,10,5,9
seg-v2-global-unet-small,,,,,,10,6,12
seg-v2-global-unet-small,,,,,,10,7,8
seg-v2-global-unet-small,,,,,,10,8,315
seg-v2-global-unet-small,,,,,,10,9,13
seg-v2-global-unet-small,,,,,,10,10,26
seg-v2-global-unet-small,,,,,,10,11,8
seg-v2-global-unet-small,,,,,,10,12,9
seg-v2-global-unet-small,,,,,,10,13,24
seg-v2-global-unet-small,,,,,,10,14,74
seg-v2-global-unet-small,,,,,,10,15,30
seg-v2-global-unet-small,,,,,,10,16,31
seg-v2-global-unet-small,,,,,,10,17,66
seg-v2-global-unet-small,,,,,,11,1,1
seg-v2-global-unet-small,,,,,,11,2,0
seg-v2-global-unet-small,,,,,,11,3,9
seg-v2-global-unet-small,,,,,,11,4,1
seg-v2-global-unet-small,,,,,,11,5,0
seg-v2-global-unet-small,,,,,,11,6,21
seg-v2-global-unet-small,,,,,,11,7,0
seg-v2-global-unet-small,,,,,,11,8,1
seg-v2-global-unet-small,,,,,,11,9,224
seg-v2-global-unet-small,,,,,,11,10,0
seg-v2-global-unet-small,,,,,,11,11,1305
seg-v2-global-unet-small,,,,,,11,12,51
seg-v2-global-unet-small,,,,,,11,13,316
seg-v2-global-unet-small,,,,,,11,14,44
seg-v2-global-unet-small,,,,,,11,15,0
seg-v2-global-unet-small,,,,,,11,16,3
seg-v2-global-unet-small,,,,,,11,17,11
seg-v2-global-unet-small,,,,,,12,1,1
seg-v2-global-unet-small,,,,,,12,2,0
seg-v2-global-unet-small,,,,,,12,3,11
seg-v2-global-unet-small,,,,,,12,4,0
seg-v2-global-unet-small,,,,,,12,5,4
seg-v2-global-unet-small,,,,,,12,6,48
seg-v2-global-unet-small,,,,,,12,7,0
seg-v2-global-unet-small,,,,,,12,8,17
seg-v2-global-unet-small,,,,,,12,9,60
seg-v2-global-unet-small,,,,,,12,10,0
seg-v2-global-unet-small,,,,,,12,11,13
seg-v2-global-unet-small,,,,,,12,12,38
seg-v2-global-unet-small,,,,,,12,13,62
seg-v2-global-unet-small,,,,,,12,14,69
seg-v2-global-unet-small,,,,,,12,15,0
seg-v2-global-unet-small,,,,,,12,16,19
seg-v2-global-unet-small,,,,,,12,17,27
seg-v2-global-unet-small,,,,,,13,1,0
seg-v2-global-unet-small,,,,,,13,2,0
seg-v2-global-unet-small,,,,,,13,3,0
seg-v2-global-unet-small,,,,,,13,4,0
seg-v2-global-unet-small,,,,,,13,5,0
seg-v2-global-unet-small,,,,,,13,6,5
seg-v2-global-unet-small,,,,,,13,7,0
seg-v2-global-unet-small,,,,,,13,8,1
seg-v2-global-unet-small,,,,,,13,9,11
seg-v2-global-unet-small,,,,,,13,10,0
seg-v2-global-unet-small,,,,,,13,11,14
seg-v2-global-unet-small,,,,,,13,12,0
seg-v2-global-unet-small,,,,,,13,13,661
seg-v2-global-unet-small,,,,,,13,14,291
seg-v2-global-unet-small,,,,,,13,15,0
seg-v2-global-unet-small,,,,,,13,16,66
seg-v2-global-unet-small,,,,,,13,17,0
seg-v2-global-unet-small,,,,,,14,1,0
seg-v2-global-unet-small,,,,,,14,2,0
seg-v2-global-unet-small,,,,,,14,3,10
seg-v2-global-unet-small,,,,,,14,4,4
seg-v2-global-unet-small,,,,,,14,5,0
seg-v2-global-unet-small,,,,,,14,6,12
seg-v2-global-unet-small,,,,,,14,7,43
seg-v2-global-unet-small,,,,,,14,8,23
seg-v2-global-unet-small,,,,,,14,9,228
seg-v2-global-unet-small,,,,,,14,10,0
seg-v2-global-unet-small,,,,,,14,11,3
seg-v2-global-unet-small,,,,,,14,12,0
seg-v2-global-unet-small,,,,,,14,13,2
seg-v2-global-unet-small,,,,,,14,14,1816
seg-v2-global-unet-small,,,,,,14,15,0
seg-v2-global-unet-small,,,,,,14,16,14
seg-v2-global-unet-small,,,,,,14,17,8
seg-v2-global-unet-small,,,,,,15,1,0
seg-v2-global-unet-small,,,,,,15,2,0
seg-v2-global-unet-small,,,,,,15,3,0
seg-v2-global-unet-small,,,,,,15,4,0
seg-v2-global-unet-small,,,,,,15,5,0
seg-v2-global-unet-small,,,,,,15,6,0
seg-v2-global-unet-small,,,,,,15,7,14
seg-v2-global-unet-small,,,,,,15,8,67
seg-v2-global-unet-small,,,,,,15,9,0
seg-v2-global-unet-small,,,,,,15,10,26
seg-v2-global-unet-small,,,,,,15,11,2
seg-v2-global-unet-small,,,,,,15,12,0
seg-v2-global-unet-small,,,,,,15,13,3
seg-v2-global-unet-small,,,,,,15,14,4
seg-v2-global-unet-small,,,,,,15,15,42
seg-v2-global-unet-small,,,,,,15,16,6
seg-v2-global-unet-small,,,,,,15,17,6
seg-v2-global-unet-small,,,,,,16,1,0
seg-v2-global-unet-small,,,,,,16,2,0
seg-v2-global-unet-small,,,,,,16,3,3
seg-v2-global-unet-small,,,,,,16,4,2
seg-v2-global-unet-small,,,,,,16,5,0
seg-v2-global-unet-small,,,,,,16,6,0
seg-v2-global-unet-small,,,,,,16,7,12
seg-v2-global-unet-small,,,,,,16,8,15
seg-v2-global-unet-small,,,,,,16,9,15
seg-v2-global-unet-small,,,,,,16,10,1
seg-v2-global-unet-small,,,,,,16,11,1
seg-v2-global-unet-small,,,,,,16,12,1
seg-v2-global-unet-small,,,,,,16,13,6
seg-v2-global-unet-small,,,,,,16,14,79
seg-v2-global-unet-small,,,,,,16,15,25
seg-v2-global-unet-small,,,,,,16,16,367
seg-v2-global-unet-small,,,,,,16,17,3
seg-v2-global-unet-small,,,,,,17,1,66
seg-v2-global-unet-small,,,,,,17,2,9
seg-v2-global-unet-small,,,,,,17,3,2
seg-v2-global-unet-small,,,,,,17,4,11
seg-v2-global-unet-small,,,,,,17,5,0
seg-v2-global-unet-small,,,,,,17,6,9
seg-v2-global-unet-small,,,,,,17,7,0
seg-v2-global-unet-small,,,,,,17,8,48
seg-v2-global-unet-small,,,,,,17,9,11
seg-v2-global-unet-small,,,,,,17,10,37
seg-v2-global-unet-small,,,,,,17,11,15
seg-v2-global-unet-small,,,,,,17,12,3
seg-v2-global-unet-small,,,,,,17,13,2
seg-v2-global-unet-small,,,,,,17,14,51
seg-v2-global-unet-small,,,,,,17,15,0
seg-v2-global-unet-small,,,,,,17,16,18
seg-v2-global-unet-small,,,,,,17,17,1909
