SMOD_ID,JRC_NAME_MAIN,ISO,CNTRY_NAME,minx,miny,maxx,maxy
30_7952,Begusarai,IND,India,85.94698658700008,25.38377326400007,86.21156624300005,25.50149314000004
30_10027,Okene,NGA,Nigeria,6.1396854040000335,7.48116428700007,6.280355669000073,7.619114137000054
30_9456,San Luis Potosí,MEX,Mexico,-101.05092033999996,22.062745579000023,-100.86815486799998,22.220972798000048
30_9798,Lilongwe,MWI,Malawi,33.722858003000056,-14.062046002999978,33.85151063600006,-13.865700912999957
30_6780,Alappuzha,IND,India,76.29606496700006,9.340960540000026,76.39016234200005,9.771907763000058
30_8666,Ahwaz,IRN,Iran,48.55605065900005,31.217208433000053,48.78169567800006,31.38035009200007
30_1086,João Pessoa,BRA,Brazil,-34.95965002599996,-7.221539022999934,-34.80926437899996,-7.059302341999967
30_13022,Klipgat,ZAF,South Africa,27.96518942700004,-25.61084368199994,28.19048361600005,-25.375366371999974
30_11280,Samara,RUS,Russia,50.01736306000004,53.137807948000045,50.40783309200003,53.343683819000034
30_8815,Karbala,IRQ,Iraq,43.95866061900006,32.55990828800003,44.13357691600004,32.68077293500005
30_2495,Dandong,CHN,China,124.31270042000006,40.05011484200003,124.4768149250001,40.21126737900005
30_6531,Thalassery,IND,India,75.43062929700005,11.46533037200004,75.66031450300005,11.872960437000074
30_2826,Zhangjiagang,CHN,China,120.361475282,31.767166979000024,120.61055432800003,31.990939298000058
30_221,Yerevan,ARM,Armenia,44.39241082800004,40.085914167000055,44.61126729800003,40.23814006100002
30_12192,Odesa,UKR,Ukraine,30.616994929000043,46.28442241900007,30.825414247000023,46.60084613500004
30_149,Mendoza,ARG,Argentina,-68.89963078599999,-32.99185211599996,-68.72312924199997,-32.81033930399997
30_9038,Naha,JPN,Japan,127.63798391800005,26.116034085000024,127.88284622800006,26.39424127800004
30_2898,Jiaxing,CHN,China,120.49785908700004,30.591382805000023,120.86529378000012,30.831242880000048
30_1075,Maceió,BRA,Brazil,-35.829840445999935,-9.690580904999932,-35.68098534099994,-9.519818975999954
30_83,Lubango,AGO,Angola,13.451648873000067,-14.95460513699993,13.575855155000056,-14.87266118599996
30_5886,Dehradun,IND,India,77.97006685200006,30.257665118000038,78.10787756200006,30.377411584000072
30_958,Santos,BRA,Brazil,-46.43494674799996,-24.01631641199998,-46.18921493099998,-23.915867091999928
30_11901,Ashgabat,TKM,Turkmenistan,58.30718588700006,37.87039666500005,58.48216553500004,38.011989346000064
30_244,Brisbane,AUS,Australia,152.912672121,-27.67055172699997,153.20062121900003,-27.28961645699997
30_3487,Stuttgart,DEU,Germany,9.047842634000062,48.68427638000003,9.441259122000076,48.96823229200004
30_694,Sofia,BGR,Bulgaria,23.21277251500004,42.61005471600004,23.436730573000037,42.76450935200006
30_3167,Tshikapa,COD,Democratic Republic of the Congo,20.724056477000037,-6.4754269609999255,20.83423754100005,-6.394354140999951
30_11226,Rostov-On-Don,RUS,Russia,39.55423037600008,47.17027644000007,39.89384835300007,47.32937231000005
30_10918,Davao City,PHL,Philippines,125.5724695450001,7.04307988100004,125.68092466000007,7.253989017000038
30_2698,Ma'Anshan,CHN,China,118.43597840300004,31.61236743100005,118.58198969700004,31.75856444300007
30_12924,Ta'Izz,YEM,Yemen,43.957416257000034,13.55495055800003,44.07005153600005,13.60400598600006
30_1927,Binhai,CHN,China,117.46450629900004,38.94377011200004,117.833040008,39.08615595400005
30_352,Bobo-Dioulasso,BFA,Burkina Faso,-4.361747775999959,11.131241870000052,-4.2202483539999776,11.245304161000035
30_12084,Tainan,TWN,Taiwan,120.13724735900009,22.88794500700004,120.34856417700009,23.096627871000067
30_9097,Nur-Sultan,KAZ,Kazakhstan,71.30275099100004,51.08868979900007,71.58552952100007,51.22359344100005
30_5229,Mataram,IDN,Indonesia,116.02909634900004,-8.698980849999941,116.2699641590001,-8.479668206999975
30_9297,Marrakesh,MAR,Morocco,-8.036774761999936,31.56938483100004,-7.926530937999928,31.71555629000005
30_11114,Porto,PRT,Portugal,-8.735132970999928,40.99221366300003,-8.440382917999955,41.28032560100007
30_3387,Bucaramanga,COL,Colombia,-73.18289749499996,7.04307988100004,-73.07024611599996,7.164753675000043
30_7508,Puducherry,IND,India,79.68728502100004,11.881115389000058,79.85531701200006,11.995294562000026
30_2208,Fushun,CHN,China,123.677981616,41.79470840500005,124.05633343600005,41.92128320200004
30_79,Cabinda,AGO,Angola,12.15851828600006,-5.640604288999953,12.258484053000076,-5.52717027999995
30_3731,El Mahalla El Kubra,EGY,Egypt,31.12017756000006,30.92553552400005,31.27380326000008,31.019863319000024
30_10673,Sargodha,PAK,Pakistan,72.62388584700005,32.01677241700003,72.73868471300005,32.12013242900008
30_3844,Sohag,EGY,Egypt,31.54801284300004,26.503907756000046,31.825105157000053,26.647377739000035
30_2013,Xuchang,CHN,China,113.72575804500002,33.97101312500007,113.92091579500004,34.11868518600005
30_5001,Pekanbaru,IDN,Indonesia,101.33659129100003,0.4286485230000494,101.53592856500006,0.5984924220000494
30_2544,Zhanjiang,CHN,China,110.26326611200004,21.139693144000034,110.46784532600007,21.32246330000004
30_6372,Solapur,IND,India,75.87219507500004,17.599996271000066,75.98790839900005,17.70709308100004
30_2284,Guilin,CHN,China,110.12981092300004,25.198872794000067,110.35463027600008,25.434219291000037
30_535,Khulna,BGD,Bangladesh,89.44942624900006,22.746110412000064,89.68114934600004,22.946363855000072
30_9289,Agadir,MAR,Morocco,-9.670416064999928,30.30897825600005,-9.42460886899994,30.462978736000025
30_1772,Zunyi,CHN,China,106.86196305000004,27.636670541000058,107.01773770900007,27.738326051000055
30_9850,Niamey,NER,Niger,2.050794273000065,13.456851296000025,2.1827298240000346,13.595829812000034
30_2710,Yancheng,CHN,China,120.05250911500002,33.303345474000025,120.25702319600008,33.467913743000054
30_12823,Đà Nẵng,VNM,Vietnam,108.09338569100004,15.922466437000026,108.27707535700006,16.144172712000056
30_9065,Takasaki [Maebashi],JPN,Japan,138.8482753080001,36.20538110000007,139.50674025800004,36.44240823600006
30_4832,Serrekunda,GMB,Gambia,-16.776332528999944,13.350594422000029,-16.592606684999964,13.489549337000028
30_8597,Dublin,IRL,Ireland,-6.475368312999933,53.22599597700008,-6.067875190999928,53.42220861200008
30_2372,Linyi,CHN,China,118.1123224590001,34.91083454900007,118.45599428900005,35.20753803800005
30_11321,Yekaterinburg,RUS,Russia,60.42970212300003,56.71046214000006,60.77094123100005,56.94345566300007
30_12322,Salt Lake City,USA,United States,-112.11729937999996,40.49811583500008,-111.78081399999996,40.80339597600005
30_6958,Tiruppur,IND,India,77.24938017500006,11.025342188000025,77.42440863500008,11.204565656000057
30_12800,Can Tho,VNM,Vietnam,105.65141401100004,9.918315323000058,105.85802265800004,10.137973723000073
30_2907,Jinhua,CHN,China,119.52320078800004,29.037647466000067,119.718446964,29.15684458200008
30_2059,Luohe,CHN,China,113.88180056500003,33.50257468900003,114.1825880560001,33.63259991800004
30_8786,Duhok,IRQ,Iraq,42.78298164900008,36.82925980100004,43.06942368000006,36.890871926000045
30_9004,Hiroshima,JPN,Japan,132.25117284100008,34.266454477000025,132.62150149,34.56228737600003
30_10111,Aba,NGA,Nigeria,7.301606387000049,5.016817734000028,7.411862021000047,5.178817113000036
30_5403,Jammu,IND,India,74.79155315500003,32.61169988300003,74.95742087100007,32.79305967700003
30_12469,Milwaukee,USA,United States,-88.29899458799997,42.84633759200005,-87.82477546899997,43.22873994800005
30_8288,Bhubaneshwar,IND,India,85.76060204000004,20.21053851800008,85.90407496500006,20.39288103100006
30_5503,Jalandhar,IND,India,75.49377773800006,31.26871532900003,75.66605402800008,31.39752911500005
30_3477,Frankfurt Am Main,DEU,Germany,8.42199755400003,50.04324621300003,8.981472565000047,50.20573754900005
30_4989,Padang,IDN,Indonesia,100.30238536500008,-1.002891826999928,100.48507815100004,-0.7683383349999531
30_12505,Cleveland,USA,United States,-81.97116255499998,41.27131492900003,-81.27504151499994,41.73145602200003
30_12403,St. Louis,USA,United States,-90.490004227,38.419642632000034,-90.04087393099996,38.84594201200008
30_11251,Kazan,RUS,Russia,48.87744569700004,55.67340088000003,49.31070731300008,55.89405456200007
30_8828,Najaf,IRQ,Iraq,44.29283266200008,31.97371874500004,44.42027819800006,32.07706039600004
30_5898,Kota,IND,India,75.79142454300006,25.106462580000027,75.91706091800006,25.24928958500004
30_9239,Tripoli,LBY,Libya,12.923171337000042,32.758504223000045,13.408297464000045,32.91404372200003
30_4765,Takoradi [Sekondi-Takoradi],GHA,Ghana,-1.830067473999975,4.871031473000073,-1.660199089999935,5.008718173000034
30_9938,Ilorin,NGA,Nigeria,4.480665377000037,8.414695939000069,4.641103284000053,8.544644680000033
30_5242,Samarinda,IDN,Indonesia,117.0725506120001,-0.58231673399996,117.23260300800008,-0.4286485229999357
30_2473,Tianjia‘An,CHN,China,116.8120903900001,32.55127745200008,117.10555229200008,32.698044346000074
30_2447,Yantai,CHN,China,121.10571640100012,37.32268298500003,121.55239958000004,37.63169006400005
30_2000,Kaifeng,CHN,China,114.237777133,34.736491761000025,114.45579321600007,34.849798761000045
30_730,Cochabamba,BOL,Bolivia,-66.34239471099994,-17.49292368099998,-65.99976237099997,-17.320011007999938
30_1117,Edmonton,CAN,Canada,-113.703022601,53.42220861200008,-113.23108289399994,53.66794271800006
30_12462,Indianapolis,USA,United States,-86.41682156899998,39.549657953000064,-85.89626655199999,40.014322553000056
30_4579,Lyon,FRA,France,4.705929395000055,45.65359567000007,5.033101929000054,45.84812563700007
30_10563,Mardan,PAK,Pakistan,71.98653076500005,34.083930096000074,72.22298497700007,34.24037045000006
30_3027,Yueqing,CHN,China,120.76912753800002,27.984142336000048,121.07951340700004,28.255634636000025
30_10354,Maiduguri,NGA,Nigeria,13.063306546000035,11.783262102000036,13.236168462000023,11.881115389000058
30_8399,Berhampore,IND,India,88.20418197500004,23.90749765700008,88.32130238200006,24.158670717000064
30_11217,Nizhny Novgorod,RUS,Russia,43.72964605900006,56.18561869800004,44.12537444800006,56.39725667700003
30_5196,Jember,IDN,Indonesia,113.40504782300002,-8.42281724399993,113.77508112900011,-8.130490875999953
30_8804,Kirkuk,IRQ,Iraq,44.31278963000005,35.38226002700003,44.446414178000055,35.53088572100006
30_12246,Montevideo,URY,Uruguay,-56.30476280399995,-34.928276482999934,-56.01913229399997,-34.77134921099997
30_5042,Bandar Lampung,IDN,Indonesia,105.19344978600007,-5.559579139999926,105.38203946800007,-5.308428041999946
30_3795,Al-Zaqaziq‎,EGY,Egypt,31.37227968700006,30.54857431800008,31.59528597800005,30.64276243000006
30_12384,Kansas City,USA,United States,-94.86512474799996,38.82816050500003,-94.33812590199994,39.29993703500003
30_2930,Yiwu,CHN,China,119.93664777700008,29.224980724000037,120.27636483700007,29.395396293000037
30_5839,Saharanpur,IND,India,77.48373887700006,29.89875561800005,77.65455183500006,30.009794078000027
30_8872,Turin,ITA,Italy,7.495503686000063,44.97009218200003,7.788359654000033,45.15452147100007
30_3563,Oran,DZA,Algeria,-0.7150838439999347,35.60961183400008,-0.510879043999978,35.76715163200004
30_7475,Vijayawada,IND,India,80.56822130700004,16.45636477900007,80.74831538200004,16.563211182000032
30_3437,Prague,CZE,Czech Republic,14.272536689000049,49.95730355000006,14.631108533000033,50.16748597200007
30_3037,Taizhou,CHN,China,121.22035719900008,28.43394372900008,121.499980971,28.705872142000032
30_1101,Bangui,CAF,Central African Republic,18.502045467000077,4.320389587000022,18.601878702000025,4.474229151000031
30_11118,Asuncion,PRY,Paraguay,-57.676858928999934,-25.47626377199998,-57.39928003699998,-25.14846392799996
30_10399,Amsterdam,NLD,Netherlands,4.69037465100007,52.22064511500008,5.048432078000076,52.52233402900004
30_950,São Luís,BRA,Brazil,-44.33868461099996,-2.6531220409999605,-44.13815165699998,-2.475124772999948
30_6744,Mysuru,IND,India,76.55966325700007,12.248185940000042,76.71425687400006,12.378746658000068
30_10004,Warri,NGA,Nigeria,5.654154392000066,5.502864081000041,5.884222821000037,5.616296292000072
30_451,Bogura,BGD,Bangladesh,89.28715316800003,24.737085627000056,89.48781191400008,25.190470766000036
30_277,Bujumbura,BDI,Burundi,29.29553577700005,-3.47852084799996,29.42568311200006,-3.3166581879999626
30_2820,Sha Tin,CHN,China,114.08986999700004,22.354269454000075,114.27583186700008,22.52095857300003
30_2758,Zhongshan,CHN,China,113.24720231600008,22.43760449000007,113.55178697000008,22.612670167000037
30_224,Perth,AUS,Australia,115.70579480600009,-32.13736338999996,116.01709666700005,-31.715556289999935
30_11649,Belgrade,SRB,Serbia,20.320746945000053,44.69386065300006,20.58439813800004,44.89638224600003
30_1037,Vila Velha,BRA,Brazil,-40.46476732999997,-20.401171273999974,-40.26717465999997,-20.25197282399995
30_9058,Sendai,JPN,Japan,140.71795196800008,38.14482573800007,141.07656587700012,38.38416042700004
30_1114,Calgary,CAN,Canada,-114.26888728599994,50.86737623600004,-113.90683056999995,51.16575980400006
30_8982,Kitakyushu,JPN,Japan,130.6448133660001,33.72799878500007,131.03906403700012,34.04049378900004
30_11617,Hargeisa,SOM,Somalia,44.02109356500006,9.519818976000067,44.10225872400008,9.592998626000051
30_7750,Muzaffarpur,IND,India,85.27231107000006,25.99808284900007,85.48341217500007,26.25089084800004
30_10457,Auckland,NZL,New Zealand,174.5817787620001,-37.08463193699998,174.98911423000004,-36.81165976199998
30_186,Rosario,ARG,Argentina,-60.84871987099996,-33.043738753999946,-60.59278085999995,-32.689408482999966
30_4904,San Pedro Sula,HND,Honduras,-88.05722534799997,15.380908073000056,-87.88844126499998,15.627003116000026
30_12214,Kharkiv,UKR,Ukraine,36.081292018000056,49.90958208600006,36.44464192000004,50.07190637900004
30_2241,Liuzhou,CHN,China,109.26954809000006,24.234059150000064,109.48492377500008,24.418413567000076
30_5109,Purwokerto,IDN,Indonesia,109.16874330200004,-7.505507155999965,109.40713972900004,-7.286439906999931
30_7130,Salem,IND,India,78.03786300500008,11.579443764000075,78.34107967200003,11.742493840000066
30_5027,Batam City,IDN,Indonesia,103.88009213800008,1.0190681500000665,104.09016869500005,1.1970098660000303
30_3862,Naj Al Madamud,EGY,Egypt,32.58248106000008,25.61084368200005,32.75148600700004,25.737064606000047
30_5377,Srinagar,IND,India,74.75275623800007,33.97969703700005,74.91742667200003,34.20559648100004
30_5481,Jodhpur,IND,India,72.93111548900004,26.183455063000054,73.11760403000005,26.35207239500005
30_9440,Torreon,MEX,Mexico,-103.56189665399997,25.48467333800005,-103.30383427699996,25.62767020900003
30_5,Herat,AFG,Afghanistan,62.14836354300007,34.27514983000003,62.28001957600003,34.38822030400007
30_5120,Pekalongan,IDN,Indonesia,109.48752985300008,-7.00252467599995,109.82445079500008,-6.815987997999969
30_11977,Antalya,TUR,Turkey,30.589810896000078,36.82925980100004,30.83927170000004,37.02296090400006
30_5437,Amritsar,IND,India,74.76548196400006,31.57798075200003,74.99455758500005,31.72415731700005
30_10104,Abuja,NGA,Nigeria,7.291020076000052,8.94271929100006,7.54148335800005,9.186520194000025
30_9324,Tangier,MAR,Morocco,-5.938770204999969,35.69711949300006,-5.737132263999968,35.793419663000066
30_4634,Liverpool,GBR,United Kingdom,-3.1302051949999736,53.304441319000034,-2.5820283029999587,53.57941812800004
30_1246,Xining,CHN,China,101.66592047000006,36.53026505400004,101.89521989300005,36.75886876100003
30_7296,Tiruchirappalli,IND,India,78.62004406900007,10.740299744000026,78.83803515500006,10.886879974000069
30_6723,Thrissur,IND,India,76.13971083400008,10.439080944000068,76.28955544500008,10.63445318600003
30_848,Ceilândia,BRA,Brazil,-48.168390097999975,-15.906047482999952,-47.970639957999936,-15.77471423299994
30_8532,Guwahati,IND,India,91.63068449100008,26.08232913200004,91.85808505800009,26.20874174500005
30_7312,Durg,IND,India,81.25740748900006,21.139693144000034,81.46955998700008,21.26429979900007
30_2344,Xuzhou,CHN,China,117.048669571,34.14475503600005,117.40096096500008,34.344724865000046
30_11339,Novosibirsk,RUS,Russia,82.76265718800005,54.91459990900006,83.15044887700003,55.13370887400004
30_9164,Bishkek,KGZ,Kyrgyzstan,74.42746218300005,42.81905702600005,74.77334068100004,42.94640482600005
30_4673,Leeds,GBR,United Kingdom,-1.8578907379999805,53.64826470000003,-1.4282925249999607,53.86490883000005
30_9433,León,MEX,Mexico,-101.77512542099998,21.04834029500006,-101.57372409899996,21.21445233300005
30_11884,Dushanbe,TJK,Tajikistan,68.69010093900005,38.45513137500007,68.91624970300006,38.60603170600007
30_2600,Haikou,CHN,China,110.23124666500009,19.92889615700005,110.42505506800006,20.08626077300005
30_12488,Columbus,USA,United States,-83.19135731799997,39.86228356000004,-82.75328955199996,40.193354473000056
30_5074,Garut,IDN,Indonesia,107.77415440000004,-7.286439906999931,108.02768121600008,-7.051191083999981
30_3540,Copenhagen,DNK,Denmark,12.218405673000063,55.55323589800008,12.664576560000055,55.80373196100004
30_9697,Ulaanbaatar,MNG,Mongolia,106.71268790300007,47.86411656400003,107.05665727100006,47.98636103300004
30_10374,Managua,NIC,Nicaragua,-86.38963036199993,12.027920571000038,-86.14544492199997,12.19923205200007
30_11389,Medina,SAU,Saudi Arabia,39.47263235300005,24.384886996000034,39.69795946300008,24.56093932500005
30_633,Sylhet,BGD,Bangladesh,91.77795100600008,24.79582209200004,92.03800251100006,24.97209502200008
30_6301,Bareilly,IND,India,79.33174308900004,28.306568527000024,79.48481026300004,28.442437471000066
30_10776,Panama City,PAN,Panama,-79.61681941399996,8.94271929100006,-79.37773443099996,9.14588229800006
30_10843,Angeles [San Fernando],PHL,Philippines,120.53915618400003,15.00377724300006,120.74360918200011,15.241503609000064
30_8606,Tabriz,IRN,Iran,46.00771556800004,37.94118020900004,46.50279306700003,38.135967160000064
30_9198,Gwangju,KOR,South Korea,126.74113205700009,35.094044636000035,126.95314075100008,35.24247108900005
30_168,Cordoba,ARG,Argentina,-64.32334120699994,-31.49203499899994,-64.07003509999998,-31.277300843999967
30_2813,Huizhou,CHN,China,114.26690459000008,22.988097476000064,114.501570925,23.19683937300005
30_2735,Ganzhou,CHN,China,114.82391685100004,25.804403225000044,115.03593836100004,25.913859487000025
30_702,Manama,BHR,Bahrain,50.426450224000064,26.04862786200005,50.69320038400008,26.293045754000048
30_9335,Fez,MAR,Morocco,-5.077996379999945,33.94496339300008,-4.933214496999938,34.07524216300004
30_12526,Baltimore,USA,United States,-76.83595975099996,39.11286527800007,-76.40348915699997,39.50504032000004
30_3765,Mansoura,EGY,Egypt,31.30578168600005,30.994134062000057,31.656839570000045,31.10564649300005
30_8799,Erbil,IRQ,Iraq,43.90625974300008,36.10889193600008,44.160996418000025,36.27558313000003
30_11381,Kigali,RWA,Rwanda,29.974045320000076,-2.013991002999944,30.204070927000032,-1.868380742999932
30_9148,Mombasa,KEN,Kenya,39.57137553300004,-4.134178697999971,39.73223167900005,-3.980364981999969
30_6252,Gwalior,IND,India,78.10810191600007,26.166598432000058,78.24303685800004,26.284614308000076
30_11980,Sincan,TUR,Turkey,32.49073945600003,39.853344023000034,32.721420830000056,40.03221781900004
30_2224,Jilin,CHN,China,126.45794655800012,43.77658793200004,126.64106707100008,43.95046197800008
30_12433,Orlando,USA,United States,-81.55507800599997,28.28110042800006,-81.15357963699995,28.72287652700004
30_9192,Daejeon,KOR,South Korea,127.284463447,36.27558313000003,127.4817407380001,36.45997660500007
30_3180,Kananga,COD,Democratic Republic of the Congo,22.363101948000065,-5.940435521999973,22.48383395200005,-5.851290118999941
30_2211,Anshan,CHN,China,122.8903003370001,41.04619867100007,123.11248413300008,41.23527688400003
30_9789,Nouakchott,MRT,Mauritania,-16.030763554999965,17.970820246000073,-15.883849383999973,18.143972708000035
30_322,Brussels,BEL,Belgium,4.242110638000042,50.73285312000007,4.521960622000051,50.95393093400003
30_6132,Aurangabad,IND,India,75.26464416500005,19.804703123000024,75.42559197500003,19.92889615700005
30_8423,Tamluk,IND,India,87.75285340600004,22.229302424000025,88.02923900600007,22.56264278500004
30_6117,Moradabad,IND,India,78.54089533400008,28.74838506800006,78.89141891300005,28.90148596700004
30_3950,Valencia,ESP,Spain,-0.5631958159999613,39.35342047400008,-0.2928366209999353,39.61214070200003
30_5415,Rajkot,IND,India,70.73226522600004,22.19598505100004,70.86312347900008,22.345936995000045
30_929,Campinas,BRA,Brazil,-47.25283075999994,-23.013140000999957,-46.962464695999984,-22.80450608999996
30_13122,Harare,ZWE,Zimbabwe,30.877177268000025,-17.954332921999935,31.18350282700004,-17.72357167399997
30_7361,Raipur,IND,India,81.48282376700007,21.19783793600004,81.72922401200003,21.33077308700007
30_2018,Yichang,CHN,China,111.24119095900004,30.625634743000035,111.42076327300003,30.805532785000025
30_10994,Katowice,POL,Poland,18.58565025500008,50.16748597200007,19.309709799000075,50.40674441300007
30_1421,Datong,CHN,China,113.10934829900008,39.97853728900003,113.39957096900002,40.16648843300004
30_12342,Austin,USA,United States,-97.8953292,30.146521394000047,-97.58411166099997,30.57425855300005
30_6827,Jabalpur,IND,India,79.86237066800004,23.104977742000077,80.02807598300006,23.23860258900004
30_12664,Valencia,VEN,Venezuela,-68.11854344199998,10.05661211000006,-67.81853596399998,10.325135542000057
30_9457,Toluca,MEX,Mexico,-99.79897485699996,19.209085866000063,-99.44529970199994,19.390991539000023
30_2607,Huai'An,CHN,China,118.96953928100004,33.50257468900003,119.15950630400005,33.66728579900007
30_11734,Stockholm,SWE,Sweden,17.773042632000056,59.18963112400007,18.28510171000005,59.470212478000064
30_4910,Tegucigalpa,HND,Honduras,-87.27271567599996,14.004772074000073,-87.13335853099994,14.127508633000048
30_5715,Vasai-Virar,IND,India,72.76450678300006,19.32483509800005,72.89437462900008,19.481973390000064
30_7254,Gorakhpur,IND,India,83.16227535200005,26.706473472000027,83.46192066300006,26.824699872000053
30_8788,Mosul,IRQ,Iraq,43.02749613500004,36.28436005100008,43.17515036800006,36.45119223400008
30_1811,Luoyang,CHN,China,112.25908204900009,34.56228737600003,112.62591446700004,34.78006444000005
30_7944,Visakhapatnam,IND,India,83.08510697800006,17.649422548000075,83.35551315700008,17.830696639000053
30_5139,Pati,IDN,Indonesia,110.63156171200006,-6.856537058999948,111.07601444500006,-6.499749776999977
30_10108,Kaduna,NGA,Nigeria,7.350539002000062,10.406523493000066,7.500687052000046,10.610029057000077
30_9227,Beirut,LBN,Lebanon,35.44037334800004,33.73667338900003,35.68926659600004,34.153445660000045
30_3713,Faiyum,EGY,Egypt,30.65776543200008,29.250536200000056,30.94144722900006,29.514751484000044
30_7981,Ranchi,IND,India,85.25192356300005,23.24695582800007,85.41258608800007,23.439135417000045
30_12030,Gaziantep,TUR,Turkey,37.29932511700008,36.97892167800006,37.45938845900002,37.11106814800007
30_11606,San Salvador,SLV,El Salvador,-89.31872421699995,13.628535156000057,-89.03566971099997,13.841162258000054
30_3452,Cologne,DEU,Germany,6.785593409000057,50.780880713000045,7.190558293000038,51.12721888000005
30_2168,Zibo,CHN,China,117.79519192400004,36.45997660500007,118.13509002700005,36.91728284000004
30_6093,Aligarh,IND,India,78.01343288200007,27.84001752000006,78.17186399500008,27.97566238900004
30_9455,Ciudad Juárez,MEX,Mexico,-106.54721686999994,31.53500414000007,-106.22492507099996,31.82739319700005
30_1009,Sao Goncalo,BRA,Brazil,-43.14862591299993,-22.93801771899996,-42.80614003399995,-22.71274571699996
30_4930,Port-Au-Prince,HTI,Haiti,-72.46275521199993,18.440958110000054,-72.18864971299996,18.672081991000027
30_9999,Benin City,NGA,Nigeria,5.518159345000072,6.232223205000025,5.7393193220000285,6.499749777000034
30_10076,Port Harcourt,NGA,Nigeria,6.959586983000065,4.73335557200005,7.079997282000022,4.879130389000068
30_3492,Hamburg,DEU,Germany,9.770076018000054,53.42220861200008,10.192711076000023,53.73684234300004
30_12291,Sacramento,USA,United States,-121.58987432099995,38.37529089600002,-121.19087809899996,38.84594201200008
30_13023,Pretoria,ZAF,South Africa,28.01166862200006,-25.85491671999995,28.451323398000056,-25.644497635999983
30_12429,Atlanta,USA,United States,-84.58570429699995,33.52857383200006,-83.93500000199998,34.02312161400005
30_3283,Beni,COD,Democratic Republic of the Congo,29.405194986000023,0.4609996130000695,29.50504417200005,0.5337897770000382
30_5090,Cirebon,IDN,Indonesia,108.29369898100003,-6.815987997999969,108.68351845200004,-6.548396760999935
30_4949,Budapest,HUN,Hungary,18.93466848400004,47.33873641400004,19.32100858800004,47.61994694900005
30_3520,Munich,DEU,Germany,11.395108906000075,48.04281770000006,11.75848348900007,48.24059688300008
30_856,Porto Alegre,BRA,Brazil,-51.26821170699998,-30.172165734999965,-50.99528456899998,-29.97562339999996
30_11396,Mecca,SAU,Saudi Arabia,39.74762079200008,21.33908305400007,39.92207371100005,21.51363388900006
30_1859,Anyang,CHN,China,114.06629097300004,36.03874599000005,114.45590661100005,36.17028896500005
30_8705,Isfahan,IRN,Iran,51.47758071900006,32.585802674000035,51.80620714300005,32.74986615000006
30_12427,Minneapolis [Saint Paul],USA,United States,-93.52810676699994,44.79508840400007,-92.862043052,45.23758701600008
30_2835,Nantong,CHN,China,120.70112672400012,31.947890202000053,121.11796442600009,32.137363390000075
30_479,Sirajganj,BGD,Bangladesh,89.54477104100005,24.11679556300004,89.74395896500005,24.745475905000035
30_3412,Havana,CUB,Cuba,-82.49901839399996,22.96305671600004,-82.20371102799999,23.180135476000032
30_10067,Amaigbo,NGA,Nigeria,6.78695024600006,5.648707041000023,7.226247643000022,5.94043552200003
30_637,Noakhali,BGD,Bangladesh,90.95021110300009,22.804506090000075,91.31761371600004,23.155081117000066
30_12309,Portland,USA,United States,-123.00962869499996,45.34841135600004,-122.37283703299994,45.73693482600004
30_6640,Guruvayur,IND,India,75.82890912800008,10.51233998400005,76.18355632300006,11.098655790000066
30_12335,San Antonio,USA,United States,-98.732853413,29.318695956000056,-98.278503818,29.668286506000072
30_11434,Dammam,SAU,Saudi Arabia,49.95677362900005,26.343639318000044,50.195699097000045,26.60517360500006
30_11767,N'Djamena,TCD,Chad,14.963811245000043,12.052391071000043,15.145355085000062,12.19923205200007
30_1265,Yinchuan,CHN,China,106.04633040600004,38.35755305700008,106.38046633200008,38.58827256200004
30_5844,Nashik,IND,India,73.69725292000004,19.87921449500004,73.86947666400005,20.06140973700008
30_11135,Doha,QAT,Qatar,51.35499038500007,25.14846392800007,51.595149778000064,25.425811063000022
30_9232,Monrovia,LBR,Liberia,-10.82811292399998,6.216011174000073,-10.625102169999934,6.442997238000032
30_271,Baku,AZE,Azerbaijan,49.69270448700007,40.31878207600005,50.01610700700007,40.51605906000003
30_7195,Madurai,IND,India,78.03364853800008,9.869510040000025,78.19909373700006,9.983393362000072
30_1852,Handan,CHN,China,114.38046179300012,36.53026505400004,114.59592046800005,36.67091407200007
30_11156,Bucharest,ROU,Romania,25.95906763800008,44.35384828400004,26.24008687400004,44.509978509000064
30_8978,Sapporo,JPN,Japan,141.13588826600005,42.95550485300004,141.59389491700006,43.17405652600007
30_737,Santa Cruz De La Sierra,BOL,Bolivia,-63.26328783099996,-17.88838948299997,-63.055746701999965,-17.682376273999978
30_11592,Freetown,SLE,Sierra Leone,-13.300999070999978,8.374090392000028,-13.087481865999962,8.504033890000073
30_8170,Jamshedpur,IND,India,86.06769882200007,22.746110412000064,86.28546161200006,22.854567103000026
30_1311,Hohhot,CHN,China,111.51710983600007,40.73151830200004,111.79933816300009,40.91126711700008
30_726,El Alto [La Paz],BOL,Bolivia,-68.28838775499997,-16.628974048999964,-68.02264216599997,-16.43992886799998
30_11004,Warsaw,POL,Poland,20.755500392000044,52.06522948300005,21.192774575000044,52.356797966000045
30_8097,Dhanbad,IND,India,86.09937200000007,23.673236777000056,86.65393119000004,23.857285369000067
30_11126,Gaza,PSE,Palestina,34.22375324700005,31.242960555000025,34.54864629300005,31.56938483100004
30_9481,Puebla,MEX,Mexico,-98.36301203799997,18.94463243200005,-98.01604453399996,19.142957401000047
30_3016,Putian,CHN,China,118.85677310000004,25.324929677000057,119.21553763500005,25.51831383600006
30_8858,Basra,IRQ,Iraq,47.702558063000026,30.428748470000077,47.872442498000055,30.608508202000053
30_9592,Mandalay,MMR,Myanmar,95.93483499300004,21.79640960100005,96.16825213700008,22.04609401100004
30_5219,Denpasar,IDN,Indonesia,115.12365899800012,-8.837091733999955,115.36416207400008,-8.487790035999978
30_585,Brahmanbaria,BGD,Bangladesh,90.79547039600004,23.865653570000063,91.15973086500009,24.25081443800008
30_5102,Tegal,IDN,Indonesia,108.84182886000008,-7.067413654999939,109.25619881100005,-6.80787834299997
30_11128,Jerusalem,PSE,Palestina,35.058860061000075,31.68975501500006,35.28569906900003,31.947890202000053
30_10389,Rotterdam [The Hague],NLD,Netherlands,4.008995181000046,51.81310202000003,4.63245067500003,52.12348698400007
30_714,Minsk,BLR,Belarus,27.40683658200004,53.80578340200003,27.73479839700008,53.97338510800006
30_254,Vienna,AUT,Austria,16.20402881800004,48.04281770000006,16.558661982000046,48.31601572200003
30_12637,Maracaibo,VEN,Venezuela,-71.73658245399997,10.51233998400005,-71.57816712799996,10.748442373000046
30_9307,Rabat,MAR,Morocco,-6.97698722399997,33.87551212000005,-6.71247451499994,34.12737480000004
30_11109,Lisbon,PRT,Portugal,-9.45298712999994,38.58827256200004,-9.034218687999951,38.90819041200007
30_12566,Boston,USA,United States,-71.28533968999994,42.15660001200007,-70.79532507399995,42.58281286300007
30_3409,San José,CRI,Costa Rica,-84.27381619999994,9.845108437000022,-83.95874977599999,10.048476381000055
30_3371,Barranquilla,COL,Colombia,-74.85456642899999,10.821729821000076,-74.73846509399993,11.049779276000038
30_5930,Meerut,IND,India,77.59011359200008,28.88447054200003,77.81816285700006,29.10575370600003
30_804,Belém,BRA,Brazil,-48.51194500399998,-1.4801083459999518,-48.30080518699998,-1.2455401649999658
30_6880,Coimbatore,IND,India,76.87695990000003,10.862448030000053,77.15392718100003,11.12309521900005
30_1107,Vancouver,CAN,Canada,-123.28524578799994,49.10094952700007,-122.71873268399996,49.36677869100004
30_339,Cotonou,BEN,Benin,2.183502895000061,6.337606099000027,2.6442678620000493,6.515965238000035
30_2704,Wuhu,CHN,China,118.32478607900008,31.242960555000025,118.44693261900012,31.49203499900005
30_9176,Phnom Penh,KHM,Cambodia,104.77601050000004,11.449029902000063,104.98704424000005,11.677269413000031
30_8981,Fukuoka,JPN,Japan,130.173932787,33.424594909000064,130.60687637700005,33.823437643000034
30_5035,Palembang,IDN,Indonesia,104.61004876000004,-3.065790945999936,104.87437609800008,-2.879678303999981
30_5637,Chandigarh,IND,India,76.60939458900003,30.625634743000035,76.89994278900008,30.78839416600005
30_12407,Tampa,USA,United States,-82.86640518199994,27.636670541000058,-82.21465337599994,28.374494759000072
30_2775,Zhuhai,CHN,China,113.3642726270001,22.179327492000027,113.62401148900004,22.395934597000064
30_2950,Cixi,CHN,China,120.93718647300012,29.98416565200006,121.51124257900004,30.27476837000006
30_1284,Baotou,CHN,China,109.69237732600004,40.54297726600004,110.10017446800003,40.713553423000064
30_7053,Prayagraj,IND,India,81.71660490200009,25.35014702600006,81.89728850800003,25.509903376000068
30_9111,Almaty,KAZ,Kazakhstan,76.74662138800005,43.164944397000056,77.03283328500004,43.38377580800005
30_880,Curitiba,BRA,Brazil,-49.40196320099994,-25.602430755999933,-49.11924949399997,-25.30811921899993
30_815,Goiânia,BRA,Brazil,-49.38548413199993,-16.842762995999976,-49.13539677799997,-16.57143107099995
30_5259,Makassar,IDN,Indonesia,119.3660884950001,-5.365136088999975,119.5961671120001,-4.968220945999974
30_12074,Taichung,TWN,Taiwan,120.56495823900002,24.049806140000044,120.75637406500005,24.28432753000004
30_4653,Manchester,GBR,United Kingdom,-2.5021236629999635,53.31425070300003,-2.02882997699993,53.64826470000003
30_5540,Ludhiana,IND,India,75.76446171500004,30.805532785000025,76.02179881300003,30.994134062000057
30_9201,Daegu,KOR,South Korea,128.45495941900003,35.77590728000007,128.87953336700002,35.96862353200004
30_5614,Vadodara,IND,India,73.07140419400008,22.220972798000048,73.27400888400007,22.420935962000044
30_11954,Bursa,TUR,Turkey,28.88060306500006,40.16648843300004,29.222734392000064,40.30982007400007
30_748,Manaus,BRA,Brazil,-60.080757827999946,-3.154805678999935,-59.90873928499997,-2.960595367999929
30_12302,Las Vegas,USA,United States,-115.36646084599994,35.924808891000055,-114.91354886199996,36.32825022800006
30_11824,Lomé,TGO,Togo,1.1015134640000497,6.078216592000047,1.4520639160000428,6.280860448000055
30_12085,Kaohsiung,TWN,Taiwan,120.219067762,22.470943833000035,120.44299461100002,22.82953572100007
30_10746,Sialkot,PAK,Pakistan,74.23798736800006,32.30111896400007,74.60834493800007,32.59443476300004
30_8923,Rome,ITA,Italy,12.349985841000034,41.75856133500002,12.70856605800003,42.01175118200007
30_1910,Tangshan,CHN,China,117.99462309500008,39.49611808100008,118.51617663700006,39.76397259400005
30_3239,Lubumbashi,COD,Democratic Republic of the Congo,27.398693386000048,-11.758800866999934,27.572002092000048,-11.563140763999968
30_11938,Izmir,TUR,Turkey,26.93895335000008,38.29548344600005,27.32713888400008,38.56163693100007
30_3678,Quito,ECU,Ecuador,-78.58557488199995,-0.3801219849999597,-78.40537988999995,-0.0485260769999627
30_6324,Bhopal,IND,India,77.31143268700004,23.13837920100008,77.51271080200007,23.33049917700004
30_12341,Denver,USA,United States,-105.24469923899994,39.51396298700007,-104.66714145299994,39.96064728800008
30_11920,Tunis,TUN,Tunisia,10.046221541000024,36.66212068300007,10.359978304000036,36.97011498200004
30_4663,Birmingham,GBR,United Kingdom,-2.221075485999961,52.38599362100007,-1.7137739449999572,52.65883009200007
30_12184,Kyiv,UKR,Ukraine,30.313050427000064,50.32056023700005,30.723637094000026,50.60806617700007
30_3321,Cali,COL,Colombia,-76.58585889299997,3.332843989000025,-76.45320306499997,3.527081699000064
30_1256,Lanzhou,CHN,China,103.57866600900007,36.00368183000006,103.95667204800009,36.15274511300004
30_10576,Hyderabad,PAK,Pakistan,68.29614123200008,25.299714322000057,68.41004545800007,25.467854430000045
30_12684,Caracas,VEN,Venezuela,-67.03809428699998,10.406523493000066,-66.71442814699998,10.536761140000069
30_4874,Guatemala City,GTM,Guatemala,-90.65265340099997,14.438554983000074,-90.41138662899994,14.717000367000026
30_6130,Agra,IND,India,77.89265358800003,27.04438757400004,78.08910880700006,27.24732102500008
30_1806,Guiyang,CHN,China,106.52911417300004,26.470160003000046,106.83947738000006,26.73180377400007
30_2797,Changzhou,CHN,China,119.81746144500003,31.59517349200007,120.168185278,31.89624133700005
30_11053,Pyongyang,PRK,North Korea,125.6189711190001,38.952666082000064,125.88922146200002,39.14848361300005
30_5084,Tasikmalaya,IDN,Indonesia,108.04210045700006,-7.432480106999947,108.41800521200008,-7.107971035999981
30_2983,Xiamen,CHN,China,117.85327425000004,24.418413567000076,118.2031566710001,24.77903916800005
30_4817,Conakry,GIN,Guinea,-13.726646426999936,9.495427095000023,-13.368121713999926,9.836974723000026
30_12311,Seattle,USA,United States,-122.633508077,47.058079786000064,-122.01986340899998,48.01458650600006
30_3866,Luxor,EGY,Egypt,32.601672747000066,25.652911688000074,32.71466330700002,25.770732102000068
30_369,Ouagadougou,BFA,Burkina Faso,-1.6705726029999255,12.256345259000057,-1.407113337999931,12.452198017000056
30_3004,Fuzhou,CHN,China,119.14658369500012,25.97281343800006,119.44518973100004,26.158170464000023
30_8865,Tel Aviv,ISR,Israel,34.73010311500008,31.844603412000023,34.992894199000034,32.20629953700006
30_2981,Ningbo,CHN,China,121.36454557600008,29.736552738000057,121.75814731300012,30.018337443000064
30_10658,Multan,PAK,Pakistan,71.30008513300004,30.06105844700005,71.63281366000007,30.300425362000052
30_10528,Peshawar,PAK,Pakistan,71.35400070100007,33.87551212000005,71.75332191900003,34.10999590900008
30_10897,Cebu City,PHL,Philippines,123.62285759200006,10.05661211000006,124.05199693300004,10.561183036000044
30_7751,Patna,IND,India,85.01714911500005,25.54354655800006,85.28622890300005,25.652911688000074
30_8884,Milan,ITA,Italy,8.97847482900005,45.35765035500003,9.42872492300006,45.75546090900008
30_8936,Naples,ITA,Italy,14.012629420000051,40.67762910000005,14.70514791100004,41.02820183000006
30_8213,Asansol,IND,India,86.66809476500003,23.62305883800008,87.05195512900008,23.87402197600005
30_3306,Brazzaville,COG,Republic of Congo,15.21215797700006,-4.304196650999927,15.341594807000035,-4.1503702729999645
30_11745,Aleppo,SYR,Syria,36.97272726300002,36.126432101000034,37.302172893000034,36.30191500700005
30_3341,Medellín,COL,Colombia,-75.66467733799993,6.110637619000045,-75.49745066299994,6.361926395000069
30_1489,Kunming,CHN,China,102.60691453200008,24.91332675700005,102.85950532300006,25.173667372000068
30_4847,Athens,GRC,Greece,23.543291676000024,37.82616990900004,23.89123259700005,38.14482573800007
30_9698,Maputo,MOZ,Mozambique,32.413874349000025,-25.98965948299997,32.67241277300008,-25.72864829799994
30_13046,Durban,ZAF,South Africa,30.75302216900008,-30.103786425999942,31.09879552200005,-29.61709833799995
30_3658,Guayaquil,ECU,Ecuador,-80.02794202899997,-2.2890464999999267,-79.78731116899996,-2.0463495019999414
30_6949,Thiruvananthapuram,IND,India,76.83038334000008,8.38221137100004,77.11970971300008,8.65024050300002
30_6820,Kollam,IND,India,76.39704502300003,8.820842372000072,76.74365307100004,9.357218935000049
30_8756,Mashhad,IRN,Iran,59.44090021700004,36.21415505800008,59.70894808700007,36.45997660500007
30_2391,Changsha,CHN,China,112.82896224800004,28.02654586400007,113.14783405300012,28.28958953800003
30_1142,Montreal,CAN,Canada,-73.97732641899995,45.35765035500003,-73.38387379399995,45.70914998000006
30_12498,Detroit,USA,United States,-83.56742886499995,42.075107356000046,-82.68339067099998,42.70089303100008
30_1700,Shijiazhuang,CHN,China,114.27848491000007,37.94118020900004,114.75018177400013,38.24229677000005
30_1057,Salvador,BRA,Brazil,-38.539769106999984,-13.015592931999947,-38.28247673099997,-12.819575069999928
30_1043,Fortaleza,BRA,Brazil,-38.67494721399999,-3.90750972099994,-38.44493636599998,-3.688958299999968
30_12532,Philadelphia,USA,United States,-75.81002657699997,39.576433691000034,-74.78804641399995,40.193354473000056
30_6784,Nagpur,IND,India,78.94772066600007,21.06494831300006,79.18344047700003,21.28091704800005
30_2661,Nanchang,CHN,China,115.72305016300004,28.586870701000063,116.06463928100004,28.84193659600004
30_9368,Antananarivo,MDG,Madagascar,47.42958718300008,-19.03552016499998,47.60342972600006,-18.79594768999993
30_10740,Gujranwala,PAK,Pakistan,74.07696295200003,31.922064400000068,74.27899225100003,32.275255412000035
30_13072,Lusaka,ZMB,Zambia,28.18023299600003,-15.495738494999957,28.432621718000064,-15.30710129199997
30_2090,Changchun,CHN,China,125.09949867700004,43.76744189000004,125.47932252500004,43.98709115200006
30_3528,Berlin,DEU,Germany,13.120922711000048,52.37626094800004,13.66535933800003,52.65883009200007
30_5130,Semarang,IDN,Indonesia,110.00721291600009,-7.278327099999956,110.63170764400007,-6.87275705299993
30_9211,Busan,KOR,South Korea,128.7821667930001,35.041683128000045,129.22051349800006,35.303617564000035
30_3192,Mbuji-Mayi,COD,Democratic Republic of the Congo,23.499864649000077,-6.167376229999945,23.71213280300003,-6.078216591999933
30_6056,Indore,IND,India,75.71562521700008,22.52095857300003,75.95556886200006,22.804506090000075
30_2193,Nanning,CHN,China,108.20671357200008,22.746110412000064,108.43085798500005,22.91298048300007
30_2326,Dalian,CHN,China,121.43558402600002,38.81038066400004,121.88890661200004,39.15738925200003
30_2497,Qingdao,CHN,China,120.266083911,36.03874599000005,120.53470377700012,36.45119223400008
30_10444,Kathmandu,NPL,Nepal,85.21220397600007,27.585856215000035,85.45140155200005,27.780693116000062
30_11981,Ankara,TUR,Turkey,32.672195171000055,39.84440492200008,33.03434812100005,40.06801362400006
30_12922,Sana'A,YEM,Yemen,44.12981080700007,15.266101823000042,44.260328997000045,15.495738495000069
30_12596,Tashkent,UZB,Uzbekistan,69.08860233500008,41.10920211400003,69.41621774900005,41.40652392300007
30_9219,Kuwait City,KWT,Kuwait,47.79935904800004,29.003600730000077,48.17005008500007,29.395396293000037
30_6746,Kochi,IND,India,76.20301122600006,9.771907763000058,76.52719423300005,10.21120593200004
30_2073,Jinan,CHN,China,116.68582662100005,36.50390407500004,117.24558322200004,36.82045959100003
30_9555,Bamako,MLI,Mali,-8.11271714999998,12.517494787000032,-7.831287331999931,12.72975309700007
30_12516,Washington D.C.,USA,United States,-77.56702982799999,38.68596827300007,-76.80269760699997,39.21974056000005
30_3448,Dortmund,DEU,Germany,6.477071565000074,51.29109986000003,7.717507201000046,51.63885598900004
30_1082,Recife,BRA,Brazil,-35.06290782399998,-8.22792378899993,-34.816474427999935,-7.8138959029999455
30_9913,Ibadan,NGA,Nigeria,3.790940171000045,7.262101655000038,4.061813509000047,7.546079764000069
30_11557,Dakar,SEN,Senegal,-17.53112290599995,14.643281131000036,-17.212140760999944,14.823500525000044
30_3005,Quanzhou,CHN,China,118.32622481100007,24.569325106000065,118.78937495900004,24.98049135800005
30_5767,Jaipur,IND,India,75.67344733400006,26.75713621500006,75.89460163900003,27.035935041000076
30_1225,Ürümqi,CHN,China,87.44416725700006,43.70343417200007,87.77066851000006,44.00540889600006
30_6617,Kanpur,IND,India,80.15110646900007,26.36893924700007,80.43953508100003,26.546097737000025
30_7311,Varanasi,IND,India,82.81062497300007,25.14846392800007,83.21411308000006,25.451036414000043
30_231,Melbourne,AUS,Australia,144.72197134300006,-38.20684709499994,145.3928454070001,-37.62285461899995
30_9495,Monterrey,MEX,Mexico,-100.52343755199996,25.568781297000044,-100.06888904699996,25.82965894900008
30_3593,Algiers,DZA,Algeria,2.803915603000064,36.60057751700003,3.585224255000071,36.82045959100003
30_11744,Damascus,SYR,Syria,36.16874056100005,33.389945709000074,36.46645637900008,33.60658896300004
30_9405,Guadalajara,MEX,Mexico,-103.489731991,20.475791118000075,-103.20213804099996,20.78270748500006
30_3092,Douala,CMR,Cameroon,9.593770384000038,3.972269832000052,9.813688909000064,4.117987250000056
30_143,Dubai,ARE,United Arab Emirates,55.03047291700005,24.938511853000023,55.55526213400003,25.442627741000024
30_3009,Wenzhou,CHN,China,120.5084434480001,27.704436894000025,120.86688839100007,28.10288817600008
30_11630,Mogadishu,SOM,Somalia,45.25661379600007,1.997811845000058,45.39691918500006,2.111067257000059
30_1541,Taiyuan,CHN,China,112.40311975300006,37.70238783700006,112.65948960900003,38.00313680100004
30_237,Sydney,AUS,Australia,150.7558305670001,-34.08393009599996,151.32513346000007,-33.66728579899996
30_984,Belo Horizonte,BRA,Brazil,-44.22647881499995,-20.053126391999967,-43.85552050499996,-19.73848195499994
30_12303,Phoenix,USA,United States,-112.46444350199994,33.19946797000006,-111.50948962299998,33.71065056700007
30_12150,Kampala,UGA,Uganda,32.43797411500003,0.1617536640000594,32.77747163300006,0.4609996130000695
30_12977,Cape Town,ZAF,South Africa,18.36988364900003,-34.10130696899995,18.763606023000023,-33.788727964999964
30_10651,Rawalpindi [Islamabad],PAK,Pakistan,72.90395359500008,33.51124074300003,73.25104231500006,33.75402359100008
30_4969,Medan,IDN,Indonesia,98.40143704200004,3.438054204000025,98.84774962500006,3.802278612000066
30_11391,Jeddah,SAU,Saudi Arabia,39.07313362300005,21.347393200000056,39.39029970200005,21.72153665600007
30_9300,Casablanca,MAR,Morocco,-7.796767245999945,33.493908962000035,-7.326552991999961,33.73667338900003
30_2001,Harbin,CHN,China,126.40422529500006,45.57030256000007,126.83992757200008,45.84812563700007
30_3553,Santo Domingo,DOM,Dominican Republic,-70.10969108899997,18.374944554000024,-69.58965769099996,18.589524039000025
30_3961,Barcelona,ESP,Spain,1.942128990000072,41.26230472100008,2.400727062000044,41.64113579700006
30_9254,Colombo,LKA,Sri Lanka,79.80990305200004,6.418675467000071,80.12547261500004,7.3107786650000435
30_12266,Tijuana,USA,United States,-117.41891561299995,32.43047858700004,-116.790180148,33.26871446400003
30_6586,Kozhikode,IND,India,75.66637428600006,11.025342188000025,76.02687873100007,11.46533037200004
30_12257,San Jose,USA,United States,-122.530399156,37.19921391200006,-121.73426544699998,38.06511304100008
30_11172,Saint Petersburg,RUS,Russia,30.07293018200005,59.78296388300004,30.604650441000047,60.08630302300003
30_10063,Onitsha,NGA,Nigeria,6.727435925000066,5.9080183760000295,7.1187825170000565,6.272754120000059
30_6713,Lucknow,IND,India,80.82095671600007,26.68114530600008,81.23750220900007,26.97677405900004
30_4767,Kumasi,GHA,Ghana,-1.7535140219999334,6.588937301000044,-1.4329009059999294,6.856537059000061
30_1925,Zhengzhou,CHN,China,113.46001351300004,34.63195259100007,113.89967094400004,34.893394011000055
30_5131,Yogyakarta,IDN,Indonesia,110.24384604800008,-8.016830586999959,110.98973605200008,-7.359457705999944
30_10219,Kano,NGA,Nigeria,8.366557584000077,11.815878378000036,8.658805134000033,12.117649913000037
30_1492,Xi'An,CHN,China,108.67677568900008,34.10999590900008,109.10634193200008,34.41432165400005
30_12740,Hanoi,VNM,Vietnam,105.68018326300006,20.840799368000035,106.11424475200003,21.297535012000026
30_3109,Yaounde,CMR,Cameroon,11.440559489000066,3.729429195000023,11.600495842000043,3.972269832000052
30_4793,Accra,GHA,Ghana,-0.4903227289999563,5.462354594000033,0.0500397810000663,5.762150159000044
30_2573,Hefei,CHN,China,117.11942623700008,31.681155192000062,117.50908223500004,31.990939298000058
30_666,Chattogram,BGD,Bangladesh,91.60913301900008,22.12935932100004,92.00296229500005,22.72942767800004
30_10709,Faisalabad,PAK,Pakistan,72.91937610800005,31.311645859000063,73.30326134900008,31.526409715000057
30_2808,Hong Kong,CHN,China,113.90676248600003,22.220972798000048,114.2835391220001,22.479279146000067
30_3928,Madrid,ESP,Spain,-3.95256915799996,40.21126737900005,-3.429000243999951,40.57887450300007
30_12428,Miami,USA,United States,-80.46848910299997,25.535135427000057,-80.01897200899998,26.99367599200008
30_58,Kabul,AFG,Afghanistan,68.98189192900003,34.41432165400005,69.38933319000006,34.60582555600007
30_2151,Shenyang,CHN,China,123.15635083200004,41.61404895500005,123.58214435800004,41.92128320200004
30_9135,Nairobi,KEN,Kenya,36.65363766400003,-1.342601803999969,36.96313313600007,-1.164656516999969
30_12354,Dallas,USA,United States,-97.522122756,32.55127745200008,-96.42693424499998,33.22543298200003
30_12352,Houston,USA,United States,-95.87275315699998,29.438017048000063,-94.92887938099994,30.24056299200004
30_596,Comilla,BGD,Bangladesh,90.62771185600008,23.07157944200003,91.33912610900006,23.857285369000067
30_9657,Yangon,MMR,Myanmar,96.00673570500004,16.719412050000074,96.29093357600004,17.06487220500003
30_3078,Abidjan,CIV,Côte d'Ivoire,-4.141934832999937,5.235520627000028,-3.861367113999961,5.510966105000023
30_11496,Khartoum,SDN,Sudan,32.31253036600003,15.37270682700006,32.67077903300003,15.782921607000048
30_1187,Santiago,CHL,Chile,-70.83205346599993,-33.65861383399994,-70.48524789399994,-33.286029320999944
30_1129,Toronto,CAN,Canada,-80.00135722599998,43.17405652600007,-78.97046071699998,43.96877551400007
30_8971,Amman,JOR,Jordan,35.79927372100008,31.835998153000048,36.14947828400005,32.145979332000024
30_2880,Hangzhou,CHN,China,119.95365511900002,29.94999830900008,120.67082529000004,30.497213551000076
30_2697,Nanjing,CHN,China,118.588328788,31.80158014600005,118.96920445700005,32.180446173000064
30_5911,Pune,IND,India,73.68839994500007,18.41620189500003,74.04564708200007,18.779430261000076
30_1335,Chengdu,CHN,China,103.63825168400008,30.462978736000025,104.33633589400006,30.93410932300003
30_5605,Surat,IND,India,72.62109895900005,21.081557038000028,72.90623290400003,21.26429979900007
30_4289,Addis Ababa,ETH,Ethiopia,38.59219481500003,8.84521651700004,38.93688785200004,9.097119166000027
30_8810,Baghdad,IRQ,Iraq,44.07885780200007,33.035090181000044,44.56068794300006,33.493908962000035
30_12453,Chicago,USA,United States,-88.42760999499995,41.43357832700008,-87.19284912399996,42.22001027700003
30_1858,Tianjin,CHN,China,116.967757483,38.934874560000026,117.41891284500002,39.25537919400006
30_3685,Alexandria,EGY,Egypt,29.660349908000057,30.985558226000023,30.224689590000025,31.33740772500005
30_11590,Singapore,SGP,Singapore,103.58278645200004,1.253628582000033,103.98580560700007,1.6095292460000223
30_11426,Riyadh,SAU,Saudi Arabia,46.51587265900008,24.51901361200004,46.93134228100007,24.888143615000047
30_5533,Ahmedabad,IND,India,72.44278427700004,22.938017719000072,72.70816352300005,23.13837920100008
30_9048,Nagoya,JPN,Japan,136.4320692130001,34.64066229100007,137.23267899300004,35.50465014500003
30_1611,Chongqing,CHN,China,106.39224483700008,29.352782296000044,106.68009608700004,29.79630011400008
30_2334,Wuhan,CHN,China,113.99920751500008,30.36885642900006,114.49513312800002,30.70271837200005
30_13015,Johannesburg,ZAF,South Africa,27.73652683800003,-26.427980591999983,28.353243234000047,-25.947546086999974
30_12129,Dar Es Salaam,TZA,Tanzania,38.97252094000004,-6.986302971999976,39.36705390000003,-6.613262233999933
30_9813,Kuala Lumpur,MYS,Malaysia,101.35065781400004,2.8796783040000378,101.87487370600007,3.2761941290000323
30_5180,Surabaya,IDN,Indonesia,112.4669877020001,-8.219804030999967,112.83440052800006,-7.189089919999958
30_5069,Bandung,IDN,Indonesia,107.41302928700009,-7.132306122999978,107.90151906800008,-6.7835496949999765
30_6862,Hyderabad,IND,India,78.22613250900008,17.262387278000062,78.62831991000007,17.616471122000064
30_12077,New Taipei [Taipei],TWN,Taiwan,121.07359758500002,24.82099809500005,121.812221754,25.16526600400005
30_4559,Paris,FRA,France,1.902087271000028,48.57085988800003,2.68131784600007,49.07249909700005
30_10799,Lima,PER,Peru,-77.17928238899998,-12.256345258999945,-76.73284419599997,-11.807724169999972
30_999,Rio De Janeiro,BRA,Brazil,-43.73256462099994,-23.03818429599994,-43.12864679799998,-22.57098020199993
30_3370,Bogota,COL,Colombia,-74.28180781899994,4.474229151000031,-74.01076879099998,4.822438761000058
30_81,Luanda,AGO,Angola,13.070813004000058,-9.08899222499997,13.502220476000048,-8.747723625999981
30_4716,London,GBR,United Kingdom,-0.6289718259999404,51.27180858600008,0.4021675620000451,51.78404383800006
30_7522,Chennai,IND,India,79.98465885400003,12.713423139000042,80.33826439700005,13.244355419000044
30_2824,Suzhou,CHN,China,120.09400294600005,31.045595202000072,121.10141234600007,31.74136027700007
30_2915,Jieyang,CHN,China,116.00182335800002,23.13002854000007,116.8423042600001,23.70669280500005
30_3152,Kinshasa,COD,Democratic Republic of the Congo,15.18327031800004,-4.482326308999973,15.484700343000044,-4.296100232999947
30_9893,Lagos,NGA,Nigeria,2.995247126000038,6.394354141000065,3.66631368700007,6.848427141000059
30_8675,Tehran,IRN,Iran,50.83894431800008,35.47841779300006,51.62782429200007,35.89852448900007
30_207,Buenos Aires,ARG,Argentina,-58.90376687799994,-34.945719811999936,-58.13917069699994,-34.37952053599997
30_11947,Istanbul,TUR,Turkey,28.498381391000063,40.74948499600004,29.517668945000025,41.22626853400004
30_6906,Bengaluru,IND,India,77.36213457100007,12.860407284000075,77.72055972700008,13.219841248000025
30_10744,Lahore,PAK,Pakistan,73.76329387400006,31.20862498200006,74.53646449200005,31.74996220900005
30_12821,Ho Chi Minh City,VNM,Vietnam,106.45580145200006,10.577464712000053,107.03343647300004,11.106802179000056
30_9031,Osaka [Kyoto],JPN,Japan,134.50978392700006,34.30993463300007,135.87788591100002,35.085316840000075
30_12261,Los Angeles,USA,United States,-118.67564332899995,33.389945709000074,-117.11153201199994,34.32732907000008
30_11188,Moscow,RUS,Russia,37.22931403700005,55.34326935000007,38.09044273100005,56.02465630200004
30_12545,New York,USA,United States,-74.68045441799995,40.36359876600005,-72.90239322299993,41.17222816300006
30_9463,Mexico City,MEX,Mexico,-99.37923006899996,19.167754390000027,-98.80842472399996,19.73848195500005
30_1678,Beijing,CHN,China,115.88911373200006,39.62999679400008,116.74633801400012,40.18439868400003
30_11846,Bangkok,THA,Thailand,100.16191834300008,13.505899000000056,100.88386221300004,14.168426428000032
30_941,São Paulo,BRA,Brazil,-46.99907919299994,-23.81544744699994,-46.15316640299994,-23.372278338999934
30_10497,Karachi,PAK,Pakistan,66.88270736500004,24.77064802900003,67.32140520000007,25.039271813000028
30_9178,Seoul,KOR,South Korea,126.57324903800009,37.04938904200003,127.25500919600006,37.76426915400003
30_8451,Kolkata,IND,India,87.94534988600003,22.154342563000057,88.55303585100006,23.063230360000038
30_5720,Mumbai,IND,India,72.76939273300007,18.88680461100006,73.27740003700006,19.32483509800005
30_10858,Quezon City [Manila],PHL,Philippines,120.7885354120001,14.021135496000056,121.29702796700008,14.98738606200004
30_3740,Cairo,EGY,Egypt,31.00555156700005,29.64269119100004,31.53027022200007,30.411635041000068
30_2889,Shanghai,CHN,China,120.98141257100008,30.891243231000036,121.85475875400004,31.500628230000075
30_544,Dhaka,BGD,Bangladesh,90.00429341400007,23.422419943000023,90.79547039600004,24.351363803000027
30_5829,Delhi [New Delhi],IND,India,76.86599071900008,28.29807890400008,77.71792737500004,29.08021186900004
30_9071,Tokyo,JPN,Japan,139.0858306880001,35.17261064300004,140.2917728980001,36.18783429400003
30_5056,Jakarta,IDN,Indonesia,106.09581938900004,-6.978192200999956,107.59260595800004,-6.013376776999962
30_2701,Guangzhou,CHN,China,112.76360817300008,22.44593904000004,114.40864127300006,23.380634772000064
