run_name,run_id,created_at,embedding,embedding_name,split_source,family,arch,preset,n_params,seed,test_patches,test_acc,test_oau,test_oabu,test_oaw,test_acc_macro,test_f1,test_f1_micro,test_kappa,test_kappa_w,test_loss
newarch-cls-densenet-base-coop,h2o29j2y,2026-09-05T22:29:16Z,AlphaEarthCoop,alpha_earth_coop,global_so2sat,densenet,densenet169,base,12704081,0,23852,0.5475431680679321,0.4567498581962564,0.9486416233439544,0.8862933925876236,0.4990043640136719,0.4871942400932312,0.5475431680679321,0.5119839906692505,0.7034273415551043,2.132346384068753
stemfix-cls-densenet-nano-coop,0isog752,2026-09-06T13:15:55Z,AlphaEarthCoop,alpha_earth_coop,global_so2sat,densenet,densenet121,nano,6998737,0,23852,0.5305215716362,0.3941068139963167,0.9481804460841858,0.8807974174073453,0.48685222864151,0.4672007560729981,0.5305215716362,0.4927194714546203,0.6878472230448794,2.1114871539968125
gap-coop-cultural-linear_probe-nano,6ml3u5cs,2026-09-09T10:44:58Z,AlphaEarthCoop,alpha_earth_coop,global_so2sat,linear_probe,gap,nano,1105,0,23852,0.5363910794258118,0.4800503109496192,0.9005114875062887,0.8683498239141372,0.46945685148239136,0.45975711941719055,0.5363910794258118,0.4984817504882813,0.6557869632845157,2.1905301061082394
stemfix-cls-mobilenet-nano-coop,ju2ezj76,2026-09-06T04:20:44Z,AlphaEarthCoop,alpha_earth_coop,global_so2sat,mobilenet,mobilenetv3_small_050,nano,594433,0,23852,0.6108921766281128,0.5740649432978798,0.9567751131980546,0.9121142881100116,0.5448178648948669,0.5126135349273682,0.6108921766281128,0.5767269730567932,0.7727719132360388,1.908040944566118
stemfix-cls-mobilenet-small-coop,ci28shzk,2026-09-06T06:05:01Z,AlphaEarthCoop,alpha_earth_coop,global_so2sat,mobilenet,mobilenetv3_small_100,small,1544065,0,23852,0.5720275044441223,0.5048756359525155,0.9570266644306558,0.8894792889485159,0.5328075885772705,0.4984993040561676,0.5720275044441223,0.5381594896316528,0.7157573959385932,1.9132413128589063
coop-cultural-resnet-nano,5dwfxgr4,2026-09-10T07:17:04Z,AlphaEarthCoop,alpha_earth_coop,global_so2sat,resnet,resnet18,nano,11212689,0,23852,0.5765973329544067,0.4974123059229442,0.940172731846386,0.8949459164849908,0.3987829387187958,0.3902530670166016,0.5765973329544067,0.5294851064682007,0.734959825384811,2.156283345628292
coop-cultural-resnet-small,h8bxaxai,2026-09-10T09:07:09Z,AlphaEarthCoop,alpha_earth_coop,global_so2sat,resnet,resnet34,small,21320849,0,23852,0.5330370664596558,0.4165661154091845,0.9569008888143552,0.8855999496897535,0.4835820198059082,0.4449473023414612,0.5330370664596558,0.4975312352180481,0.7017032185673027,2.2698358094438595
newarch-cls-shallow-cnn-nano-coop,2dgh808s,2026-09-05T00:36:24Z,AlphaEarthCoop,alpha_earth_coop,global_so2sat,shallow_cnn,scnn_16-32,nano,14481,0,23852,0.557731032371521,0.4847595078299776,0.9383280228073118,0.894942562468556,0.49560296535491943,0.47495436668396,0.557731032371521,0.5232881903648376,0.7250892080412175,2.1290765189109964
newarch-cls-shallow-cnn-small-coop,d9o504kb,2026-09-05T01:03:43Z,AlphaEarthCoop,alpha_earth_coop,global_so2sat,shallow_cnn,scnn_32-64,small,38161,0,23852,0.5462854504585266,0.4576845444059977,0.9280563474761028,0.8829997484487673,0.5214599370956421,0.4910171329975128,0.5462854504585266,0.5128697156906128,0.6939044270729843,2.2322832092325737
gap-coop-origtest-linear_probe-nano,g6wjaliw,2026-09-09T14:10:52Z,AlphaEarthCoop,alpha_earth_coop,grid_orig_test,linear_probe,gap,nano,1105,0,23834,0.6789460182189941,0.6136812411847673,0.9522111269614836,0.9195351178988,0.6024298667907715,0.5737854838371277,0.6789460182189941,0.6514380574226379,0.7926486958572966,1.6036311654334372
coop-origtest-mobilenet-nano,7i8vwlw5,2026-09-07T01:11:27Z,AlphaEarthCoop,alpha_earth_coop,grid_orig_test,mobilenet,mobilenetv3_small_050,nano,594433,0,23834,0.8414449691772461,0.797859690844233,0.9849794411345136,0.9654036250734246,0.7990138530731201,0.7787610292434692,0.8414449691772461,0.826846182346344,0.9113589991821912,1.168822260613137
coop-origtest-mobilenet-small,loefesex,2026-09-07T03:23:47Z,AlphaEarthCoop,alpha_earth_coop,grid_orig_test,mobilenet,mobilenetv3_small_100,small,1544065,0,23834,0.8357388377189636,0.7935398168216458,0.9840144331627088,0.9629046739951332,0.8026307821273804,0.7728948593139648,0.8357388377189636,0.820896327495575,0.9049746881038232,1.1686591987914228
coop-origtest-resnet-nano,hugxzwok,2026-09-07T07:26:49Z,AlphaEarthCoop,alpha_earth_coop,grid_orig_test,resnet,resnet18,nano,11212689,0,23834,0.8389695286750793,0.7854693077623014,0.9858185785013006,0.9626927918100192,0.8062297701835632,0.7874088287353516,0.8389695286750793,0.8240143060684204,0.9048048345314684,1.1855199895006543
coop-origtest-resnet-small,wccb53d0,2026-09-07T13:13:05Z,AlphaEarthCoop,alpha_earth_coop,grid_orig_test,resnet,resnet34,small,21320849,0,23834,0.8328438401222229,0.7882759106601847,0.9804480993538642,0.9618217672232944,0.8025904297828674,0.7822925448417664,0.8328438401222229,0.8174719214439392,0.9022919528883114,1.2033714728152498
coop-origtest-shallow_cnn-nano,ozjhig0m,2026-09-06T22:33:40Z,AlphaEarthCoop,alpha_earth_coop,grid_orig_test,shallow_cnn,scnn_16-32,nano,14481,0,23834,0.7360493540763855,0.6781715095676825,0.9703364940840816,0.9405336913652764,0.6952221393585205,0.6568657755851746,0.7360493540763855,0.7129409313201904,0.8477383824920299,1.415572501243429
coop-origtest-shallow_cnn-small,c7g6xurk,2026-09-06T23:42:43Z,AlphaEarthCoop,alpha_earth_coop,grid_orig_test,shallow_cnn,scnn_32-64,small,38161,0,23834,0.801837682723999,0.7631005134697897,0.971972811949316,0.9507493496685409,0.757233202457428,0.7316341400146484,0.801837682723999,0.7837278246879578,0.8741333884975573,1.2961116965780868
gap-v2-cultural-linear_probe-nano,69423srf,2026-09-09T16:59:52Z,GeoTessera_v2,tesserav2,global_so2sat,linear_probe,gap,nano,2193,0,23851,0.5807722806930542,0.5558561765752937,0.9092700515701648,0.8822967590457423,0.4550471305847168,0.4491422176361084,0.5807722806930542,0.5422170162200928,0.6985820505360649,1.9265818291522088
v2-cultural-mobilenet-nano,gkt2qh0g,2026-09-08T10:10:50Z,GeoTessera_v2,tesserav2,global_so2sat,mobilenet,mobilenetv3_small_050,nano,603649,0,23851,0.6696993708610535,0.6428172553399414,0.9729571087166156,0.927169510712339,0.5909245610237122,0.5595382452011108,0.6696993708610535,0.6398177742958069,0.8142688872976247,1.6500436409990835
v2-cultural-mobilenet-small,f3kikmgm,2026-09-08T16:44:28Z,GeoTessera_v2,tesserav2,global_so2sat,mobilenet,mobilenetv3_small_100,small,1553281,0,23851,0.6899082064628601,0.6374206434125116,0.9687224854303804,0.9290776068089388,0.6324474811553955,0.6224486231803894,0.6899082064628601,0.660597562789917,0.8208029835441554,1.5873458867377424
v2-cultural-resnet-nano,f1shpdiu,2026-09-08T22:28:02Z,GeoTessera_v2,tesserav2,global_so2sat,resnet,resnet18,nano,11249553,0,23851,0.6328455805778503,0.6176406375081872,0.9428116221542072,0.903162550836443,0.5677313208580017,0.5418687462806702,0.6328455805778503,0.5998865365982056,0.7560262391406954,1.8287462833079888
v2-cultural-resnet-small,3ykptoxe,2026-09-09T14:12:46Z,GeoTessera_v2,tesserav2,global_so2sat,resnet,resnet34,small,21357713,0,23851,0.62416672706604,0.5858972471662005,0.9454949478009308,0.910164353695862,0.5657044649124146,0.5490918159484863,0.62416672706604,0.5905900597572327,0.7713128211510191,1.763198787861682
v2-cultural-shallow_cnn-nano,raw49w6y,2026-09-07T23:14:53Z,GeoTessera_v2,tesserav2,global_so2sat,shallow_cnn,scnn_16-32,nano,23697,0,23851,0.643830418586731,0.6192954934398175,0.959833969225609,0.916054672760052,0.5791064500808716,0.5590503215789795,0.643830418586731,0.6124907732009888,0.7855149444501612,1.7486808338063828
v2-cultural-shallow_cnn-small,99gwbvax,2026-09-08T04:36:27Z,GeoTessera_v2,tesserav2,global_so2sat,shallow_cnn,scnn_32-64,small,56593,0,23851,0.6464718580245972,0.6252020521470237,0.9562282503878244,0.9131759674646766,0.6009560823440552,0.5739395618438721,0.6464718580245972,0.6155461072921753,0.778631220382034,1.7668442738817094
gap-v2-origtest-linear_probe-nano,mbnuzk5w,2026-09-09T18:18:36Z,GeoTessera_v2,tesserav2,grid_orig_test,linear_probe,gap,nano,2193,0,23833,0.6976041793823242,0.6519776440240757,0.9384047329333276,0.922774304535728,0.6159669160842896,0.5943260192871094,0.6976041793823242,0.6705852746963501,0.8010919704237724,1.5717554269952978
v2-origtest-mobilenet-nano,j4mxq7t3,2026-09-08T12:11:45Z,GeoTessera_v2,tesserav2,grid_orig_test,mobilenet,mobilenetv3_small_050,nano,603649,0,23833,0.8444593548774719,0.8056039590158222,0.9869089078168926,0.9653740611756808,0.8087894916534424,0.7857578992843628,0.8444593548774719,0.8302112221717834,0.91107686197712,1.1429119547630875
v2-origtest-mobilenet-small,m3riqbru,2026-09-08T18:30:18Z,GeoTessera_v2,tesserav2,grid_orig_test,mobilenet,mobilenetv3_small_100,small,1553281,0,23833,0.8497042059898376,0.8090953477017507,0.9873704527336048,0.9656002181848696,0.8199096918106079,0.7997938990592957,0.8497042059898376,0.8360335826873779,0.91184670796338,1.1222033170943564
v2-origtest-resnet-nano,orvov5w4,2026-09-09T03:11:01Z,GeoTessera_v2,tesserav2,grid_orig_test,resnet,resnet18,nano,11249553,0,23833,0.8485293388366699,0.8019539427773901,0.9880417907942768,0.9660210632316536,0.8194098472595215,0.8020302057266235,0.8485293388366699,0.8343614339828491,0.9134813928847554,1.1360473055788811
v2-origtest-resnet-small,2rsgpw9o,2026-09-09T17:35:56Z,GeoTessera_v2,tesserav2,grid_orig_test,resnet,resnet34,small,21357713,0,23833,0.8457601070404053,0.8047208797366393,0.984894893634876,0.9639856501489532,0.8146688938140869,0.7972912192344666,0.8457601070404053,0.8313596248626709,0.908411987038684,1.160093460311281
v2-origtest-shallow_cnn-nano,gjhqx9qn,2026-09-08T01:52:18Z,GeoTessera_v2,tesserav2,grid_orig_test,shallow_cnn,scnn_16-32,nano,23697,0,23833,0.7938992381095886,0.7574694908121756,0.9758318298158016,0.9502412621155542,0.7648981809616089,0.7337998151779175,0.7938992381095886,0.775623083114624,0.8725953845594538,1.2705846860053691
v2-origtest-shallow_cnn-small,wr0p3hcg,2026-09-08T06:22:20Z,GeoTessera_v2,tesserav2,grid_orig_test,shallow_cnn,scnn_32-64,small,56593,0,23833,0.8155498504638672,0.7824142028377717,0.9805731548692987,0.9559694541182396,0.7813067436218262,0.7562057971954346,0.8155498504638672,0.7990803718566895,0.8870568079152028,1.2301782978341935
