run_name,run_id,created_at,state,embedding,embedding_name,split_source,family,arch,preset,n_params,seed,test_patches,test_acc_patch_exact,test_oau_patch_exact,test_oabu_patch_exact,test_oaw_patch_exact,test_acc_macro_patch_exact,test_f1_patch_exact,test_f1_micro_patch_exact,test_kappa_patch_exact,test_kappa_w_patch_exact,test_miou,test_n_patch_exact,test_coverage_patch_exact,test_loss
seg-coop-global-fcn8-nano,d51ogfsj,2026-09-10T11:00:35Z,finished,AlphaEarthCoop,alpha_earth_coop,global_so2sat,fcn8,fcn8_nano,nano,12687,0,,0.42811391407173827,0.30786329535982215,0.8880567599527001,0.8335726251478125,0.30671221017837524,0.2776618003845215,0.4281139075756073,0.3786448836326599,0.5811261140214937,0.1934870183467865,20296,0.839718659495242,2.146434551285159
seg-coop-global-fcn8-small,50usk57z,2026-09-10T20:44:50Z,finished,AlphaEarthCoop,alpha_earth_coop,global_so2sat,fcn8,fcn8_small,small,122381,0,,0.47166929444225464,0.3911695631751996,0.867757193535672,0.8494245171462357,0.29806822538375854,0.27305367588996887,0.4716692864894867,0.415143609046936,0.6154669310570634,0.19147491455078125,20296,0.839718659495242,2.13242793467737
seg-coop-global-unet-nano,9dshwg78,2026-09-10T18:15:02Z,finished,AlphaEarthCoop,alpha_earth_coop,global_so2sat,unet,unet_nano,nano,34161,0,,0.4689101300748916,0.4154219566840926,0.8631257390618842,0.8463125739061883,0.3596901297569275,0.3254031836986542,0.4689101278781891,0.4200763702392578,0.6012058329969492,0.20335400104522705,20296,0.839718659495242,2.1303943184114273
seg-coop-global-unet-small,klvdt186,2026-09-10T22:11:51Z,finished,AlphaEarthCoop,alpha_earth_coop,global_so2sat,unet,unet_small,small,1945105,0,,0.4412199448167127,0.37208029197080295,0.8735711470240441,0.84466594402838,0.31916600465774536,0.2760700285434723,0.4412199556827545,0.3894283175468445,0.6012062205142723,0.1884722113609314,20296,0.839718659495242,2.381130576133728
seg-coop-origtest-fcn8-nano,xeaadbok,2026-09-11T04:03:26Z,finished,AlphaEarthCoop,alpha_earth_coop,grid_orig_test,fcn8,fcn8_nano,nano,12687,0,,0.6896432794639338,0.6537354988399072,0.9010642491131258,0.9046743200630666,0.5714774131774902,0.5635213255882263,0.6896432638168335,0.6601069569587708,0.7581680354222203,,20296,0.839718659495242,
seg-coop-origtest-fcn8-small,x5a6pbcf,2026-09-12T15:16:01Z,running,AlphaEarthCoop,alpha_earth_coop,grid_orig_test,fcn8,fcn8_small,small,122381,0,,,,,,,,,,,,,,
seg-coop-origtest-unet-nano,e1ot9d5i,2026-09-11T18:44:49Z,finished,AlphaEarthCoop,alpha_earth_coop,grid_orig_test,unet,unet_nano,nano,34161,0,,0.6925995270003942,0.6519795657726692,0.9134312179739852,0.909708316909736,0.562574028968811,0.555962860584259,0.6925995349884033,0.6637484431266785,0.770394242267914,,20296,0.839718659495242,
seg-v2-global-fcn8-nano,6w69ds7o,2026-09-10T07:32:01Z,finished,GeoTessera_v2,tesserav2,global_so2sat,fcn8,fcn8_nano,nano,17295,0,,0.49059026920227217,0.4301876119543698,0.9039268955297604,0.8591854778957767,0.3724805414676666,0.35442444682121277,0.49059027433395386,0.4448733329772949,0.6463154174867494,0.2350655198097229,20245,0.8376086057095573,2.0778824187094167
seg-v2-global-fcn8-small,gi679h61,2026-09-10T19:35:43Z,finished,GeoTessera_v2,tesserav2,global_so2sat,fcn8,fcn8_small,small,131597,0,,0.5503087182020252,0.4762269938650307,0.8907384539392442,0.8653015559397383,0.4822903275489807,0.45335525274276733,0.5503087043762207,0.5102097988128662,0.6609728189174927,0.3010331690311432,20245,0.8376086057095573,1.9244963680544207
seg-v2-global-unet-nano,v6qtar2g,2026-09-10T17:06:06Z,finished,GeoTessera_v2,tesserav2,global_so2sat,unet,unet_nano,nano,38769,0,,0.4976537416646085,0.4462685063954074,0.877352432699432,0.8515139540627314,0.32589420676231384,0.30602553486824036,0.4976537525653839,0.4486364722251892,0.6308517648548415,0.22556887567043304,20245,0.8376086057095573,2.0398237666776105
seg-v2-global-unet-small,y159kw73,2026-09-10T21:12:42Z,finished,GeoTessera_v2,tesserav2,global_so2sat,unet,unet_small,small,1963537,0,,0.561224993825636,0.5130118825493469,0.8673252654976538,0.8657085700172881,0.4652205407619476,0.4397881329059601,0.5612249970436096,0.5209625959396362,0.6606423193153422,0.3143882155418396,20245,0.8376086057095573,1.815881493591493
seg-v2-origtest-fcn8-nano,3nbj6upd,2026-09-10T22:37:35Z,finished,GeoTessera_v2,tesserav2,grid_orig_test,fcn8,fcn8_nano,nano,17295,0,,0.6865892813040256,0.6384658770445573,0.9073845393924426,0.9023403309459126,0.591363787651062,0.5916771292686462,0.6865893006324768,0.656975269317627,0.7557474878077506,,20245,0.8376086057095573,
seg-v2-origtest-fcn8-small,4vbfhi68,2026-09-12T00:50:30Z,finished,GeoTessera_v2,tesserav2,grid_orig_test,fcn8,fcn8_small,small,131597,0,,0.7430970610027168,0.7152233363719235,0.9229439367745124,0.9208886144727092,0.680340051651001,0.6731919050216675,0.7430970668792725,0.7196112871170044,0.7992572029983869,,20245,0.8376086057095573,
seg-v2-origtest-unet-nano,jyyi3iu9,2026-09-11T12:09:51Z,finished,GeoTessera_v2,tesserav2,grid_orig_test,unet,unet_nano,nano,38769,0,,0.7239318350209928,0.6926865532943035,0.9165719930847124,0.9170071622622868,0.6193413734436035,0.6053297519683838,0.7239318490028381,0.697950005531311,0.7898811476853931,,20245,0.8376086057095573,
