city_dir,LCZ_class,n
Amsterdam,2,245
Amsterdam,3,51
Amsterdam,4,2
Amsterdam,5,186
Amsterdam,6,454
Amsterdam,8,850
Amsterdam,9,97
Amsterdam,10,206
Amsterdam,11,114
Amsterdam,12,7
Amsterdam,13,24
Amsterdam,14,850
Amsterdam,15,11
Amsterdam,17,353
Beijing,1,133
Beijing,2,391
Beijing,3,639
Beijing,4,596
Beijing,5,468
Beijing,6,410
Beijing,8,613
Beijing,9,42
Beijing,10,29
Beijing,11,639
Beijing,12,135
Beijing,14,313
Beijing,15,14
Beijing,16,5
Beijing,17,639
Berlin,2,1533
Berlin,4,585
Berlin,5,2436
Berlin,6,4370
Berlin,8,1563
Berlin,9,379
Berlin,11,2985
Berlin,12,590
Berlin,13,85
Berlin,14,3016
Berlin,16,55
Berlin,17,1533
Bogota,7,8
Buenos_Aires,7,5
Cairo,1,29
Cairo,2,5046
Cairo,3,342
Cairo,5,1211
Cairo,6,866
Cairo,7,6
Cairo,8,3457
Cairo,9,278
Cairo,10,65
Cairo,14,463
Cairo,16,5066
Cairo,17,616
Cape_Town,1,72
Cape_Town,2,99
Cape_Town,3,943
Cape_Town,5,20
Cape_Town,6,1331
Cape_Town,7,518
Cape_Town,8,1487
Cape_Town,9,920
Cape_Town,10,161
Cape_Town,11,187
Cape_Town,12,49
Cape_Town,13,953
Cape_Town,14,1487
Cape_Town,15,1447
Cape_Town,16,2
Cape_Town,17,1487
Caracas,7,12
Changsha,1,41
Changsha,2,566
Changsha,3,182
Changsha,4,447
Changsha,5,137
Changsha,6,94
Changsha,8,1143
Changsha,9,313
Changsha,10,22
Changsha,11,457
Changsha,14,94
Changsha,15,27
Changsha,16,1
Changsha,17,1143
Chicago,1,48
Cologne,2,507
Cologne,4,54
Cologne,5,2768
Cologne,6,2164
Cologne,8,992
Cologne,9,68
Cologne,10,1390
Cologne,11,2768
Cologne,12,537
Cologne,14,2753
Cologne,16,145
Cologne,17,1119
Dhaka,7,30
Dongying,2,8
Dongying,3,639
Dongying,4,294
Dongying,5,493
Dongying,6,129
Dongying,8,196
Dongying,10,303
Dongying,13,19
Dongying,14,629
Dongying,16,222
Dongying,17,269
Guangzhou,1,20
Guangzhou,2,314
Guangzhou,3,188
Guangzhou,4,314
Guangzhou,5,223
Guangzhou,6,138
Guangzhou,7,114
Guangzhou,8,1115
Guangzhou,9,11
Guangzhou,10,650
Guangzhou,11,317
Guangzhou,12,28
Guangzhou,13,1
Guangzhou,14,626
Guangzhou,16,9
Guangzhou,17,748
Hong_Kong,1,631
Hong_Kong,2,157
Hong_Kong,3,246
Hong_Kong,4,654
Hong_Kong,5,126
Hong_Kong,6,117
Hong_Kong,8,123
Hong_Kong,10,175
Hong_Kong,11,620
Hong_Kong,12,382
Hong_Kong,13,402
Hong_Kong,14,321
Hong_Kong,17,398
Istanbul,1,47
Istanbul,2,4232
Istanbul,3,630
Istanbul,4,966
Istanbul,5,175
Istanbul,6,845
Istanbul,8,667
Istanbul,9,299
Istanbul,10,440
Istanbul,11,4156
Istanbul,12,44
Istanbul,13,45
Istanbul,14,3027
Istanbul,15,215
Istanbul,16,516
Istanbul,17,4056
Jakarta,1,58
Jakarta,2,8
Jakarta,3,1332
Jakarta,4,13
Jakarta,5,12
Jakarta,6,125
Jakarta,7,121
Jakarta,8,1116
Jakarta,9,338
Jakarta,10,137
Jakarta,11,471
Jakarta,12,52
Jakarta,14,414
Jakarta,15,7
Jakarta,16,15
Jakarta,17,612
Karachi,7,1140
Lima,7,48
Lisbon,2,227
Lisbon,3,133
Lisbon,5,133
Lisbon,6,80
Lisbon,8,141
Lisbon,9,86
Lisbon,10,15
Lisbon,11,227
Lisbon,12,22
Lisbon,14,16
Lisbon,17,177
London,1,313
London,2,435
London,3,28
London,4,133
London,5,1855
London,6,5788
London,8,2334
London,9,223
London,10,1169
London,11,2018
London,12,1270
London,13,84
London,14,5778
London,15,16
London,16,36
London,17,5860
Los_Angeles,1,637
Los_Angeles,2,591
Los_Angeles,3,2750
Los_Angeles,4,160
Los_Angeles,5,327
Los_Angeles,6,424
Los_Angeles,8,3436
Los_Angeles,9,88
Los_Angeles,10,489
Los_Angeles,11,740
Los_Angeles,12,341
Los_Angeles,13,481
Los_Angeles,14,35
Los_Angeles,15,89
Los_Angeles,16,272
Los_Angeles,17,1045
Madrid,1,15
Madrid,2,762
Madrid,3,200
Madrid,4,169
Madrid,5,439
Madrid,6,1092
Madrid,8,728
Madrid,9,135
Madrid,10,83
Madrid,11,278
Madrid,12,921
Madrid,13,151
Madrid,14,747
Madrid,15,35
Madrid,16,1
Madrid,17,635
Melbourne,1,106
Melbourne,2,57
Melbourne,3,4272
Melbourne,4,27
Melbourne,6,3023
Melbourne,8,4679
Melbourne,9,3545
Melbourne,10,274
Melbourne,11,3756
Melbourne,12,1410
Melbourne,13,4112
Melbourne,14,4139
Melbourne,15,19
Melbourne,16,606
Melbourne,17,4577
Milan,2,770
Milan,3,9
Milan,5,203
Milan,6,108
Milan,8,708
Milan,9,19
Milan,10,11
Milan,11,190
Milan,12,14
Milan,14,669
Milan,17,262
Moscow,2,330
Moscow,3,12
Moscow,4,861
Moscow,5,429
Moscow,6,117
Moscow,7,13
Moscow,8,334
Moscow,9,403
Moscow,10,229
Moscow,11,808
Moscow,12,66
Moscow,13,2
Moscow,14,861
Moscow,15,12
Moscow,16,16
Moscow,17,338
Mumbai,1,28
Mumbai,2,434
Mumbai,3,66
Mumbai,4,330
Mumbai,5,347
Mumbai,6,18
Mumbai,7,281
Mumbai,8,373
Mumbai,9,633
Mumbai,10,244
Mumbai,11,633
Mumbai,12,42
Mumbai,13,48
Mumbai,14,633
Mumbai,15,54
Mumbai,16,37
Mumbai,17,633
Munich,2,336
Munich,3,3
Munich,4,24
Munich,5,359
Munich,6,765
Munich,8,727
Munich,9,138
Munich,10,63
Munich,11,775
Munich,12,48
Munich,13,35
Munich,14,775
Munich,15,9
Munich,17,775
Nairobi,1,38
Nairobi,2,168
Nairobi,3,365
Nairobi,6,1078
Nairobi,7,444
Nairobi,8,722
Nairobi,9,388
Nairobi,10,56
Nairobi,11,462
Nairobi,12,8
Nairobi,13,1077
Nairobi,16,19
Nairobi,17,3
Nanjing,1,207
Nanjing,2,377
Nanjing,3,67
Nanjing,4,563
Nanjing,5,334
Nanjing,6,70
Nanjing,7,48
Nanjing,8,1125
Nanjing,9,54
Nanjing,10,681
Nanjing,11,1262
Nanjing,12,39
Nanjing,14,326
Nanjing,17,1215
New_York,1,526
New_York,2,1007
New_York,3,2822
New_York,4,144
New_York,5,691
New_York,6,3340
New_York,8,1413
New_York,9,3595
New_York,10,811
New_York,11,1304
New_York,12,332
New_York,14,332
New_York,15,244
New_York,16,215
New_York,17,3595
Osaka_[Kyoto],1,54
Osaka_[Kyoto],2,66
Osaka_[Kyoto],3,1556
Osaka_[Kyoto],4,36
Osaka_[Kyoto],5,170
Osaka_[Kyoto],6,73
Osaka_[Kyoto],8,432
Osaka_[Kyoto],9,132
Osaka_[Kyoto],10,221
Osaka_[Kyoto],11,1647
Osaka_[Kyoto],12,105
Osaka_[Kyoto],14,370
Osaka_[Kyoto],15,20
Osaka_[Kyoto],17,1561
Paris,1,56
Paris,2,2769
Paris,3,13
Paris,4,314
Paris,5,449
Paris,6,2391
Paris,8,748
Paris,9,60
Paris,11,2618
Paris,12,100
Paris,14,2769
Paris,15,15
Paris,17,234
Philadelphia,1,2
Qingdao,1,181
Qingdao,2,184
Qingdao,3,604
Qingdao,4,662
Qingdao,5,305
Qingdao,6,101
Qingdao,8,851
Qingdao,10,593
Qingdao,11,75
Qingdao,12,56
Qingdao,14,851
Qingdao,15,60
Qingdao,16,108
Qingdao,17,851
Quezon_City_[Manila],7,384
Rawalpindi_[Islamabad],2,61
Rawalpindi_[Islamabad],3,1252
Rawalpindi_[Islamabad],5,85
Rawalpindi_[Islamabad],6,717
Rawalpindi_[Islamabad],7,874
Rawalpindi_[Islamabad],8,405
Rawalpindi_[Islamabad],9,1126
Rawalpindi_[Islamabad],10,187
Rawalpindi_[Islamabad],11,1257
Rawalpindi_[Islamabad],12,98
Rawalpindi_[Islamabad],13,203
Rawalpindi_[Islamabad],14,1031
Rawalpindi_[Islamabad],16,280
Rawalpindi_[Islamabad],17,532
Rio_De_Janeiro,1,123
Rio_De_Janeiro,2,362
Rio_De_Janeiro,3,2067
Rio_De_Janeiro,4,235
Rio_De_Janeiro,5,77
Rio_De_Janeiro,6,1132
Rio_De_Janeiro,7,91
Rio_De_Janeiro,8,788
Rio_De_Janeiro,9,553
Rio_De_Janeiro,10,505
Rio_De_Janeiro,11,1834
Rio_De_Janeiro,12,1106
Rio_De_Janeiro,13,17
Rio_De_Janeiro,14,2308
Rio_De_Janeiro,15,27
Rio_De_Janeiro,16,22
Rio_De_Janeiro,17,2352
Rome,2,1794
Rome,5,1342
Rome,6,486
Rome,8,437
Rome,10,51
Rome,11,87
Rome,12,104
Rome,14,594
Rome,17,452
Salvador,7,1
San_Jose,1,93
San_Jose,2,101
San_Jose,3,1074
San_Jose,4,2
San_Jose,5,26
San_Jose,6,279
San_Jose,8,867
San_Jose,9,126
San_Jose,10,187
San_Jose,11,549
San_Jose,12,172
San_Jose,13,31
San_Jose,14,54
San_Jose,15,135
San_Jose,16,2
San_Jose,17,1118
Santiago,1,187
Santiago,2,33
Santiago,3,601
Santiago,4,32
Santiago,5,51
Santiago,6,193
Santiago,8,332
Santiago,9,1016
Santiago,10,22
Santiago,11,25
Santiago,12,58
Santiago,13,822
Santiago,14,960
Santiago,15,84
Santiago,16,384
Sao_Paulo,1,938
Sao_Paulo,2,138
Sao_Paulo,3,5306
Sao_Paulo,4,488
Sao_Paulo,5,247
Sao_Paulo,6,1868
Sao_Paulo,8,1917
Sao_Paulo,9,343
Sao_Paulo,10,176
Sao_Paulo,11,4808
Sao_Paulo,12,63
Sao_Paulo,14,50
Sao_Paulo,15,11
Sao_Paulo,16,7
Sao_Paulo,17,3210
Shanghai,1,115
Shanghai,2,465
Shanghai,3,294
Shanghai,4,478
Shanghai,5,491
Shanghai,6,578
Shanghai,7,78
Shanghai,8,1066
Shanghai,9,143
Shanghai,10,1112
Shanghai,11,250
Shanghai,12,46
Shanghai,14,1096
Shanghai,15,80
Shanghai,16,75
Shanghai,17,955
Shenzhen,1,126
Shenzhen,2,604
Shenzhen,3,302
Shenzhen,4,708
Shenzhen,5,274
Shenzhen,6,102
Shenzhen,8,902
Shenzhen,10,174
Shenzhen,11,720
Shenzhen,12,367
Shenzhen,13,253
Shenzhen,14,81
Shenzhen,15,27
Shenzhen,16,67
Shenzhen,17,876
Sydney,1,36
Sydney,2,48
Sydney,3,850
Sydney,4,2
Sydney,5,5
Sydney,6,830
Sydney,7,4
Sydney,8,548
Sydney,9,734
Sydney,10,36
Sydney,11,612
Sydney,12,160
Sydney,14,102
Sydney,15,8
Sydney,16,5
Sydney,17,850
Tehran,1,62
Tehran,2,733
Tehran,3,321
Tehran,4,128
Tehran,5,68
Tehran,6,286
Tehran,8,757
Tehran,9,140
Tehran,10,144
Tehran,11,2
Tehran,12,150
Tehran,13,352
Tehran,14,757
Tehran,15,98
Tehran,16,757
Tehran,17,72
Tokyo,1,62
Tokyo,2,82
Tokyo,3,262
Tokyo,4,15
Tokyo,5,12
Tokyo,8,161
Tokyo,10,20
Tokyo,11,2
Tokyo,15,6
Tokyo,17,262
Vancouver,1,261
Vancouver,2,237
Vancouver,3,5552
Vancouver,4,276
Vancouver,5,5
Vancouver,6,1577
Vancouver,8,4108
Vancouver,9,499
Vancouver,10,731
Vancouver,11,5572
Vancouver,12,619
Vancouver,13,2317
Vancouver,14,3350
Vancouver,15,21
Vancouver,16,2
Vancouver,17,5530
Washington_D.C.,1,271
Washington_D.C.,2,80
Washington_D.C.,3,458
Washington_D.C.,4,76
Washington_D.C.,5,58
Washington_D.C.,6,678
Washington_D.C.,7,26
Washington_D.C.,8,581
Washington_D.C.,9,314
Washington_D.C.,10,129
Washington_D.C.,11,722
Washington_D.C.,12,296
Washington_D.C.,14,19
Washington_D.C.,17,498
Wuhan,1,71
Wuhan,2,306
Wuhan,3,141
Wuhan,4,652
Wuhan,5,530
Wuhan,6,192
Wuhan,8,1071
Wuhan,9,40
Wuhan,10,1639
Wuhan,11,153
Wuhan,14,1639
Wuhan,15,8
Wuhan,16,180
Wuhan,17,1639
Zurich,1,3
Zurich,2,286
Zurich,4,1
Zurich,5,446
Zurich,6,318
Zurich,8,162
Zurich,9,43
Zurich,10,5
Zurich,11,359
Zurich,14,446
Zurich,17,446
