city_dir,city_label,country,continent,lon,lat,role,n_train,n_val,n_test,n_total
Amsterdam,Amsterdam,Netherlands,Europe,4.868722653539432,52.37222192691662,train,3450,0,0,3450
Beijing,Beijing,China,Asia,116.38045387978178,40.06352246366469,train,5066,0,0,5066
Berlin,Berlin,Germany,Europe,13.375433436587286,52.52816199828753,train,19130,0,0,19130
Bogota,Bogota,Colombia,South America,-74.1365863289754,4.542037222161954,train,8,0,0,8
Buenos_Aires,Buenos Aires,Argentina,South America,-58.38032390868558,-34.583860751098634,train,5,0,0,5
Cairo,Cairo,Egypt,Africa,31.264011193790374,29.960482857075757,train,17445,0,0,17445
Cape_Town,Cape Town,South Africa,Africa,18.579397046045777,-33.96929127074779,train,11163,0,0,11163
Caracas,Caracas,Venezuela,South America,-66.80848782723922,10.469123812581962,train,12,0,0,12
Changsha,Changsha,China,Asia,112.95577732346342,28.222433584851306,train,4667,0,0,4667
Chicago,Chicago,United States,North America,-87.63217168202698,41.88371152962539,train,48,0,0,48
Cologne,Cologne,Germany,Europe,6.90508078735758,50.9427978455724,train,15265,0,0,15265
Dhaka,Dhaka,Bangladesh,Asia,90.41168466480441,23.78320403259651,train,30,0,0,30
Dongying,Dongying,China,Asia,118.65278470952879,37.51579012282583,train,3201,0,0,3201
Guangzhou,Guangzhou,China,Asia,113.2491586738131,23.079995420262684,val_test,0,2407,2409,4816
Hong_Kong,Hong Kong,China,Asia,114.12946386492979,22.358975886079783,train,4352,0,0,4352
Istanbul,Istanbul,Turkey,Asia,28.89849548884603,41.06392930832233,train,20360,0,0,20360
Jakarta,Jakarta,Indonesia,Asia,106.86575021807992,-6.222865786839962,val_test,0,2411,2420,4831
Karachi,Karachi,Pakistan,Asia,66.99177566826943,24.94598051959893,train,1140,0,0,1140
Lima,Lima,Peru,South America,-77.00566720277567,-12.010714103403524,train,48,0,0,48
Lisbon,Lisbon,Portugal,Europe,-9.245549739537042,38.721901763181314,train,1257,0,0,1257
London,London,United Kingdom,Europe,0.10567594443707982,51.49287497789169,train,27340,0,0,27340
Los_Angeles,Los Angeles,United States,North America,-118.24079952411181,34.058014511201286,train,11905,0,0,11905
Madrid,Madrid,Spain,Europe,-3.723816349276273,40.499379990999216,train,6391,0,0,6391
Melbourne,Melbourne,Australia,Oceania,144.93422212510887,-37.98537941569236,train,34602,0,0,34602
Milan,Milan,Italy,Europe,9.19007740976445,45.474647545367986,train,2963,0,0,2963
Moscow,Moscow,Russia,Europe,37.73959597925657,55.70070420374602,val_test,0,2411,2420,4831
Mumbai,Mumbai,India,Asia,72.90347120655974,19.080771769786455,val_test,0,2413,2421,4834
Munich,Munich,Germany,Europe,11.517305371381166,48.15263332939767,val_test,0,2412,2420,4832
Nairobi,Nairobi,Kenya,Africa,36.84484612135097,-1.3193239765798483,val_test,0,2411,2417,4828
Nanjing,Nanjing,China,Asia,118.83139074806552,32.06755185832638,train,6368,0,0,6368
New_York,New York,United States,North America,-73.96143455407037,40.73085486556537,train,20371,0,0,20371
Osaka_[Kyoto],Osaka,Japan,Asia,135.76197439312895,34.966946107437636,train,6443,0,0,6443
Paris,Paris,France,Europe,2.299153088885472,48.8721854607857,train,12536,0,0,12536
Philadelphia,Philadelphia,United States,North America,-75.17097569701606,39.95392648893993,train,2,0,0,2
Qingdao,Qingdao,China,Asia,120.27705334803387,36.15114792802991,train,5482,0,0,5482
Quezon_City_[Manila],Quezon City,Philippines,Asia,121.08721786865041,14.594917122184533,train,384,0,0,384
Rawalpindi_[Islamabad],Rawalpindi,Pakistan,Asia,73.03828055289131,33.666520117474235,train,8108,0,0,8108
Rio_De_Janeiro,Rio de Janeiro,Brazil,South America,-43.525381857271185,-22.863788973683565,train,13599,0,0,13599
Rome,Rome,Italy,Europe,12.5044400159056,41.91076479667635,train,5347,0,0,5347
Salvador,Salvador,Brazil,South America,-38.493143215509185,-12.928301794128947,train,1,0,0,1
San_Jose,San Jose,United States,North America,-122.37906082831547,37.75836480349456,val_test,0,2399,2417,4816
Santiago,Santiago,Chile,South America,-70.69242439784068,-33.456255240994224,val_test,0,2389,2411,4800
Shanghai,Shanghai,China,Asia,121.53903803219532,31.195279423797974,train,7322,0,0,7322
Shenzhen,Shenzhen,China,Asia,113.98860074693532,22.581921940291267,train,5583,0,0,5583
Sydney,Sydney,Australia,Oceania,151.00991689956908,-33.82909765409738,val_test,0,2411,2419,4830
Sao_Paulo,São Paulo,Brazil,South America,-46.581770949914294,-23.590782604824067,train,19570,0,0,19570
Tehran,Tehran,Iran,Asia,51.40659523967741,35.67186378533103,val_test,0,2411,2416,4827
Tokyo,Tokyo,Japan,Asia,139.79859595749747,35.64265420731572,train,884,0,0,884
Vancouver,Vancouver,Canada,North America,-122.9969325743703,49.216451591008145,train,30657,0,0,30657
Washington_D.C.,Washington D.C.,United States,North America,-77.01790825477296,38.83169932002234,train,4206,0,0,4206
Wuhan,Wuhan,China,Asia,114.39027695798183,30.575723194407804,train,8261,0,0,8261
Zurich,Zurich,Switzerland,Europe,8.573474907407174,47.339523074998056,train,2515,0,0,2515
