city,patches,full,partial,none,full_pct
Amsterdam,3451,3451,0,0,100.0
Beijing,5392,5392,0,0,100.0
Buenos Aires,5,5,0,0,100.0
Bogota,8,8,0,0,100.0
Lisbon,1258,1258,0,0,100.0
Jakarta,4831,4831,0,0,100.0
Changsha,4667,4667,0,0,100.0
Caracas,12,12,0,0,100.0
Chicago,48,48,0,0,100.0
Cologne,15265,15265,0,0,100.0
Lima,48,48,0,0,100.0
Dhaka,30,30,0,0,100.0
Karachi,1140,1140,0,0,100.0
Nanjing,6356,6356,0,0,100.0
Osaka [Kyoto],6443,6443,0,0,100.0
Paris,12511,12511,0,0,100.0
Qingdao,5482,5482,0,0,100.0
Mumbai,4834,4834,0,0,100.0
Milan,2963,2963,0,0,100.0
Los Angeles,11905,11905,0,0,100.0
Zurich,2515,2515,0,0,100.0
东营区,3240,3240,0,0,100.0
Washington D.C.,4206,4206,0,0,100.0
São Paulo,19570,19570,0,0,100.0
Tokyo,884,884,0,0,100.0
Santiago,4798,4798,0,0,100.0
Shanghai,7304,7304,0,0,100.0
Nairobi,4828,4828,0,0,100.0
Quezon City [Manila],384,384,0,0,100.0
Philadelphia,2,2,0,0,100.0
Wuhan,8261,8261,0,0,100.0
Sydney,4830,4830,0,0,100.0
San Jose,4812,4812,0,0,100.0
Salvador,1,1,0,0,100.0
Cape Town,11252,11251,1,0,99.99
Istanbul,20431,20428,3,0,99.99
Rawalpindi [Islamabad],8108,8106,2,0,99.98
Melbourne,35093,35087,6,0,99.98
Cairo,17445,17440,5,0,99.97
Guangzhou,10349,10345,4,0,99.96
Tehran,4827,4825,2,0,99.96
Rio De Janeiro,13596,13591,5,0,99.96
Munich,4832,4830,2,0,99.96
Moscow,4831,4829,2,0,99.96
New York,20371,20358,13,0,99.94
London,27340,27319,21,0,99.92
Berlin,19130,19109,21,0,99.89
Rome,5347,5339,8,0,99.85
Hong Kong,3771,3761,10,0,99.73
Vancouver,30657,30549,108,0,99.65
Madrid,6785,6678,7,100,98.42
<outside city bboxes>,4224,1286,128,2810,30.45
