"Name","State","embedding","preset","Created","Runtime","task","arch","cities","test_acc_macro","test_acc","test_f1","test_f1_micro","test_kappa","test_miou","test_loss","val_acc_macro","val_acc","val_f1","val_f1_micro","val_kappa","val_miou","val_loss","train_acc_macro","train_oa","train_f1_macro","train_f1_micro","train_kappa","train_loss","train_ce","train_dice","batch_size","dice_weight","in_channels","n_params","num_classes","patch_size","year","max_epochs","epoch","early_stopping_patience","lr","weight_decay","label_source","split_source","test_patches","train_patches","val_patches","data_source","sub_patch_size","head_dropout"
"misunderstood-snow-232","finished","AlphaEarthCoop","large","2026-05-19T23:07:47.000Z","518","patch_classification","mobilenetv4_conv_large","[""London"",""Nairobi""]","0.606354832649231","0.8521410822868347","0.6364080309867859","0.8521410822868347","0.8214946389198303","","0.5631346405439434","0.544411301612854","0.8192524313926697","0.5662147998809814","0.8192524313926697","0.7846745252609253","","0.6965913875929771","0.5950247645378113","0.8177770376205444","0.6353387236595154","0.8177770376205444","0.7874720096588135","0.5619872810815444","","","64","","64","31344817","17","32","2017","50","17","10","0.001","0.0001","","grid","3970","24292","3906","so2sat_patches","",""
"magic-wave-231","finished","AlphaEarthCoop","medium","2026-05-19T22:56:22.000Z","457","patch_classification","mobilenetv3_large_150d","[""London"",""Nairobi""]","0.5786851048469543","0.8433249592781067","0.6042096614837646","0.8433249592781067","0.8100160360336304","","0.6145527990800994","0.5597833395004272","0.7862263321876526","0.5450849533081055","0.7862263321876526","0.7454797625541687","","0.8018623821197017","0.5290529727935791","0.7949785590171814","0.5589577555656433","0.7949785590171814","0.7604889869689941","0.6374534985792668","","","64","","64","13376273","17","32","2017","50","19","10","0.001","0.0001","","grid","3970","24292","3906","so2sat_patches","",""
"crimson-durian-230","finished","AlphaEarthCoop","small","2026-05-19T22:37:28.000Z","921","patch_classification","mobilenetv3_small_100","[""London"",""Nairobi""]","0.6765179634094238","0.8748111128807068","0.6863319873809814","0.8748111128807068","0.8491200804710388","","0.5330904602481511","0.660842776298523","0.8448540568351746","0.67554771900177","0.8448540568351746","0.815557599067688","","0.991298166554301","0.777789294719696","0.8792051672935486","0.826258659362793","0.8792051672935486","0.8591225743293762","0.3813564168746365","","","64","","64","1544065","17","32","2017","50","45","10","0.001","0.0001","","grid","3970","24292","3906","so2sat_patches","",""
"skilled-donkey-229","finished","AlphaEarthCoop","large","2026-05-19T22:13:07.000Z","1107","patch_classification","convnext_large","[""London"",""Nairobi""]","0.5891597270965576","0.8539043068885803","0.590383768081665","0.8539043068885803","0.823676586151123","","0.565700493812088","0.6154718399047852","0.8456221222877502","0.6097229719161987","0.8456221222877502","0.8184562921524048","","0.6506698642286562","0.679338276386261","0.8366589546203613","0.7348442077636719","0.8366589546203613","0.8094049692153931","0.5129577554467486","","","64","","64","196443857","17","32","2017","50","13","10","0.001","0.0001","","grid","3970","24292","3906","so2sat_patches","",""
"dauntless-shadow-228","finished","AlphaEarthCoop","medium","2026-05-19T21:35:33.000Z","1985","patch_classification","convnext_base","[""London"",""Nairobi""]","0.6625826358795166","0.8609572052955627","0.6689726114273071","0.8609572052955627","0.8328554630279541","","0.5719815683643525","0.6703773736953735","0.8489503264427185","0.6723372340202332","0.8489503264427185","0.8205823302268982","","0.6393428002634356","0.7860801219940186","0.8816375136375427","0.8416569232940674","0.8816375136375427","0.8618028163909912","0.3884664283264281","","","64","","64","87708817","17","32","2017","50","45","10","0.001","0.0001","","grid","3970","24292","3906","so2sat_patches","",""
"misunderstood-forest-227","finished","AlphaEarthCoop","small","2026-05-19T21:23:29.000Z","496","patch_classification","convnext_tiny","[""London"",""Nairobi""]","0.5476278066635132","0.8355163931846619","0.5651974081993103","0.8355163931846619","0.8006613254547119","","0.5881871896840277","0.6354405283927917","0.8269329071044922","0.6072028875350952","0.8269329071044922","0.7967087626457214","","0.7006417169205604","0.7065025568008423","0.84605872631073","0.7592573165893555","0.84605872631073","0.8206912875175476","0.4944698144153429","","","64","","64","27926897","17","32","2017","50","20","10","0.001","0.0001","","grid","3970","24292","3906","so2sat_patches","",""
"apricot-haze-226","finished","AlphaEarthCoop","large","2026-05-19T20:15:45.000Z","3700","patch_classification","efficientnet_b7","[""London"",""Nairobi""]","0.6769940853118896","0.8627204298973083","0.6761372685432434","0.8627204298973083","0.8348492383956909","","1265.0562908486686","0.6479600667953491","0.8568868637084961","0.6655789017677307","0.8568868637084961","0.8292535543441772","","0.6084589476907446","0.7459447383880615","0.8799472451210022","0.8042904138565063","0.8799472451210022","0.8598728179931641","0.3846649777606169","","","64","","64","63865633","17","32","2017","50","50","10","0.001","0.0001","","grid","3970","24292","3906","so2sat_patches","",""
"logical-yogurt-225","finished","AlphaEarthCoop","medium","2026-05-19T19:33:22.000Z","2264","patch_classification","efficientnet_b5","[""London"",""Nairobi""]","0.6680630445480347","0.8715365529060364","0.682641863822937","0.8715365529060364","0.8450031876564026","","18.867816636102305","0.6637659072875977","0.8522785305976868","0.6855584979057312","0.8522785305976868","0.8245936036109924","","6.939570214839712","0.7788679003715515","0.8799472451210022","0.8337682485580444","0.8799472451210022","0.8598283529281616","0.3856696977346428","","","64","","64","28401969","17","32","2017","50","50","10","0.001","0.0001","","grid","3970","24292","3906","so2sat_patches","",""
"driven-dust-224","finished","AlphaEarthCoop","small","2026-05-19T19:08:49.000Z","1243","patch_classification","efficientnet_b1","[""London"",""Nairobi""]","0.6923009753227234","0.8740554451942444","0.6784622669219971","0.8740554451942444","0.8485554456710815","","0.5121581822713202","0.6508063077926636","0.855606734752655","0.6783866286277771","0.855606734752655","0.8280212879180908","","0.5868177297975747","0.7573199272155762","0.8785867691040039","0.8126230239868164","0.8785867691040039","0.8583589196205139","0.3840001573034201","","","64","","64","6552529","17","32","2017","50","50","10","0.001","0.0001","","grid","3970","24292","3906","so2sat_patches","",""
"ruby-glade-223","finished","AlphaEarthCoop","large","2026-05-19T18:21:52.000Z","2345","patch_classification","densenet264d","[""London"",""Nairobi""]","0.6849526166915894","0.870780885219574","0.6874333620071411","0.870780885219574","0.8444734811782837","","0.5677277849661926","0.6548841595649719","0.8604710698127747","0.675258219242096","0.8604710698127747","0.8343383073806763","","0.5904922958823943","0.7809962630271912","0.8835339546203613","0.8348422050476074","0.8835339546203613","0.8641164302825928","0.37189971164144126","","","64","","64","68798129","17","32","2017","50","28","10","0.001","0.0001","","grid","3970","24292","3906","so2sat_patches","",""
"distinctive-water-222","finished","AlphaEarthCoop","medium","2026-05-19T17:43:19.000Z","1995","patch_classification","densenet201","[""London"",""Nairobi""]","0.7062236070632935","0.8473551869392395","0.6706755757331848","0.8473551869392395","0.8185835480690002","","0.6175799920031476","0.7386200428009033","0.8456221222877502","0.7444440126419067","0.8456221222877502","0.8184391260147095","","0.6748998946690511","0.8472965955734253","0.9089709520339966","0.8754380941390991","0.9089709520339966","0.8945507407188416","0.2783723248950252","","","64","","64","18316881","17","32","2017","50","43","10","0.001","0.0001","","grid","3970","24292","3906","so2sat_patches","",""
"likely-snow-221","finished","AlphaEarthCoop","small","2026-05-19T17:23:21.000Z","878","patch_classification","densenet161","[""London"",""Nairobi""]","0.6660912036895752","0.8491184115409851","0.6563044786453247","0.8491184115409851","0.8190650939941406","","0.572381944151684","0.6434648036956787","0.8489503264427185","0.6420580744743347","0.8489503264427185","0.8212354183197021","","0.595659951198726","0.7785770893096924","0.8794937133789062","0.8284488320350647","0.8794937133789062","0.8595994710922241","0.3847549384690841","","","64","","64","26796497","17","32","2017","50","20","10","0.001","0.0001","","grid","3970","24292","3906","so2sat_patches","",""
"neat-feather-220","finished","AlphaEarthCoop","large","2026-05-19T16:16:32.000Z","3553","patch_classification","resnet152","[""London"",""Nairobi""]","0.6690503358840942","0.8433249592781067","0.6488276124000549","0.8433249592781067","0.8136743307113647","","0.7023502081505112","0.7132101655006409","0.8394777178764343","0.71628737449646","0.8394777178764343","0.8112797737121582","","0.7514008400819054","0.8578420281410217","0.9144129157066344","0.8807735443115234","0.9144129157066344","0.9010028839111328","0.2648486188345031","","","64","","64","58369937","17","32","2017","50","50","10","0.001","0.0001","","grid","3970","24292","3906","so2sat_patches","",""
"volcanic-wildflower-219","finished","AlphaEarthCoop","medium","2026-05-19T15:41:41.000Z","1721","patch_classification","resnet101","[""London"",""Nairobi""]","0.6471960544586182","0.8730478882789612","0.6524442434310913","0.8730478882789612","0.8469310998916626","","0.5687058443186938","0.668253481388092","0.8338453769683838","0.6697503924369812","0.8338453769683838","0.8034769892692566","","0.6831858222402872","0.8095687627792358","0.8888934850692749","0.8518826365470886","0.8888934850692749","0.8707631826400757","0.35297508582000997","","","64","","64","42726289","17","32","2017","50","33","10","0.001","0.0001","","grid","3970","24292","3906","so2sat_patches","",""
"flowing-microwave-218","finished","AlphaEarthCoop","small","2026-05-19T15:22:09.000Z","911","patch_classification","resnet34","[""London"",""Nairobi""]","0.67486971616745","0.8556675314903259","0.6528010964393616","0.8556675314903259","0.8271745443344116","","0.6047818481271702","0.7005069851875305","0.8507424592971802","0.6975975036621094","0.8507424592971802","0.823888897895813","","0.6389775317793172","0.8155955076217651","0.8931398391723633","0.8516346216201782","0.8931398391723633","0.8758949041366577","0.32978315303460903","","","64","","64","21484689","17","32","2017","50","34","10","0.001","0.0001","","grid","3970","24292","3906","so2sat_patches","",""
"noble-river-217","finished","EmbeddedSeamless","large","2026-05-18T22:50:23.000Z","3225","patch_classification","resnet152","[""London"",""Nairobi""]","0.6754760146141052","0.8209068179130554","0.6391107439994812","0.8209068179130554","0.7879692316055298","","0.7945793309648123","0.6321974992752075","0.8156682252883911","0.6339703798294067","0.8156682252883911","0.7843431234359741","","0.9478342044017009","0.9159945249557496","0.9518057107925416","0.9238611459732056","0.9518057107925416","0.9444122314453124","0.14643389704615117","","","64","","72","58395025","17","32","2017","50","46","10","0.001","0.0001","","grid","3970","24292","3906","so2sat_patches","",""
"clean-dragon-216","finished","EmbeddedSeamless","medium","2026-05-18T22:00:09.000Z","2486","patch_classification","resnet101","[""London"",""Nairobi""]","0.6651952266693115","0.8171284794807434","0.6314203143119812","0.8171284794807434","0.7834669947624207","","0.7892391110386049","0.7202833890914917","0.8131080269813538","0.6980631947517395","0.8131080269813538","0.7812536954879761","","0.9473149790879218","0.9060030579566956","0.9410042762756348","0.9143239259719848","0.9410042762756348","0.9319550395011902","0.17932093658516465","","","64","","72","42751377","17","32","2017","50","48","10","0.001","0.0001","","grid","3970","24292","3906","so2sat_patches","",""
"volcanic-planet-215","finished","EmbeddedSeamless","small","2026-05-18T21:35:31.000Z","1086","patch_classification","resnet34","[""London"",""Nairobi""]","0.6327030658721924","0.811335027217865","0.6076217889785767","0.811335027217865","0.7752519845962524","","0.8129498167406946","0.6546176075935364","0.8166922926902771","0.6443867683410645","0.8166922926902771","0.7853311896324158","","0.8208331753379635","0.8803678750991821","0.927894115447998","0.8955559134483337","0.927894115447998","0.9167560935020448","0.21578776413245537","","","64","","72","21509777","17","32","2017","50","41","10","0.001","0.0001","","grid","3970","24292","3906","so2sat_patches","",""
"rose-water-211","finished","GeoTessera_v1.1","large","2026-05-18T18:28:20.000Z","3679","patch_classification","resnet152","[""London"",""Nairobi""]","0.8207550048828125","0.9316326379776","0.7819596529006958","0.9316326379776","0.918937921524048","","0.33692037422705684","0.8427731394767761","0.9241094589233398","0.8411669731140137","0.9241094589233398","0.9111400842666626","","0.35742691484447875","0.9784144163131714","0.9844574332237244","0.9770371317863464","0.9844574332237244","0.9820948243141174","0.06847306512453467","","","64","","128","58570641","17","32","2017","50","50","10","0.001","0.0001","","grid","3920","24265","3874","so2sat_patches","",""
"rose-meadow-210","finished","GeoTessera_v1.1","medium","2026-05-18T17:01:12.000Z","2787","patch_classification","resnet101","[""London"",""Nairobi""]","0.8635883927345276","0.9385204315185548","0.8298529386520386","0.9385204315185548","0.927078366279602","","0.28831310817340927","0.8475163578987122","0.923335075378418","0.8427203893661499","0.923335075378418","0.9101098775863647","","0.3720370833380301","0.978401243686676","0.9842513203620912","0.9768047332763672","0.9842513203620912","0.9818581342697144","0.06850809291727586","","","64","","128","42926993","17","32","2017","50","50","10","0.001","0.0001","","grid","3920","24265","3874","so2sat_patches","",""
"azure-cloud-209","finished","GeoTessera_v1.1","small","2026-05-18T16:07:17.000Z","1236","patch_classification","resnet34","[""London"",""Nairobi""]","0.7991650700569153","0.9283163547515868","0.738275408744812","0.9283163547515868","0.9149560928344728","","0.30993677756088156","0.8505396842956543","0.9127516746520996","0.8342784643173218","0.9127516746520996","0.897866427898407","","0.4027565092794963","0.9654366970062256","0.980211079120636","0.96532142162323","0.980211079120636","0.9772017002105712","0.08714502718112871","","","64","","128","21685393","17","32","2017","50","36","10","0.001","0.0001","","grid","3920","24265","3874","so2sat_patches","",""
"expert-microwave-208","finished","GeoTessera","large","2026-05-18T15:01:59.000Z","3202","patch_classification","resnet152","[""London"",""Nairobi""]","0.8647733926773071","0.9420654773712158","0.8106979131698608","0.9420654773712158","0.9311915040016174","","0.32884091403361204","0.8537658452987671","0.9272913336753844","0.8441591262817383","0.9272913336753844","0.9148876070976256","","0.38574222323574847","0.9792239665985109","0.9845811128616332","0.9774638414382936","0.9845811128616332","0.9822370409965516","0.06326751750377854","","","64","","128","58570641","17","32","2017","50","43","10","0.001","0.0001","","grid","3970","24292","3906","so2sat_patches","",""
"zany-star-207","finished","GeoTessera","medium","2026-05-18T14:14:48.000Z","2211","patch_classification","resnet101","[""London"",""Nairobi""]","0.8910866379737854","0.9423173666000366","0.829025387763977","0.9423173666000366","0.9316162467002868","","0.38052261116663144","0.8651127219200134","0.9326676726341248","0.8549995422363281","0.9326676726341248","0.9212484359741212","","0.35295916316493775","0.9788428544998168","0.9842925667762756","0.9770036935806274","0.9842925667762756","0.9819064736366272","0.06954369338175238","","","64","","128","42926993","17","32","2017","50","40","10","0.001","0.0001","","grid","3970","24292","3906","so2sat_patches","",""
"happy-wood-206","finished","GeoTessera","small","2026-05-18T13:41:24.000Z","1509","patch_classification","resnet34","[""London"",""Nairobi""]","0.8165910243988037","0.9277077913284302","0.7482526898384094","0.9277077913284302","0.914367139339447","","0.44062472765319166","0.8391480445861816","0.9285714030265808","0.8341177701950073","0.9285714030265808","0.9163782596588136","","0.36148932984853616","0.9799139499664308","0.9847872853279114","0.9780083894729614","0.9847872853279114","0.9824739694595336","0.0564299158876059","","","64","","128","21685393","17","32","2017","50","44","10","0.001","0.0001","","grid","3970","24292","3906","so2sat_patches","",""
"deep-cherry-205","finished","EmbeddedSeamless","large","2026-05-18T10:22:16.000Z","3705","patch_classification","efficientnet_b7","[""London"",""Nairobi""]","0.5633708238601685","0.8282116055488586","0.5797798037528992","0.8282116055488586","0.7927659153938293","","2.302395722932286","0.6137271523475647","0.8253968358039856","0.6269877552986145","0.8253968358039856","0.7915323972702026","","4.440693894220937","0.7180150151252747","0.8691045641899109","0.7735769748687744","0.8691045641899109","0.8472939133644104","0.4231711666352831","","","64","","72","63870241","17","32","2017","50","50","10","0.001","0.0001","","grid","3970","24292","3906","so2sat_patches","",""
"efficient-dragon-204","finished","EmbeddedSeamless","medium","2026-05-18T09:34:38.000Z","2203","patch_classification","efficientnet_b5","[""London"",""Nairobi""]","0.6080900430679321","0.8294710516929626","0.6195429563522339","0.8294710516929626","0.7952139973640442","","98.73193697761448","0.6327104568481445","0.8351254463195801","0.6532955765724182","0.8351254463195801","0.803184986114502","","5.263875791262234","0.749721884727478","0.8787928819656372","0.8060430288314819","0.8787928819656372","0.8586678504943848","0.39176645784547903","","","64","","72","28405425","17","32","2017","50","50","10","0.001","0.0001","","grid","3970","24292","3906","so2sat_patches","",""
"azure-snowball-203","finished","EmbeddedSeamless","small","2026-05-18T09:05:50.000Z","1231","patch_classification","efficientnet_b1","[""London"",""Nairobi""]","0.6097831130027771","0.826448380947113","0.607721209526062","0.826448380947113","0.7926029562950134","","6.1440144929857485","0.6498844623565674","0.8264209032058716","0.6651219129562378","0.8264209032058716","0.7935562133789062","","1.8475733234757377","0.7901946306228638","0.8859251141548157","0.8409192562103271","0.8859251141548157","0.8670400977134705","0.3697792797455058","","","64","","72","6554833","17","32","2017","50","50","10","0.001","0.0001","","grid","3970","24292","3906","so2sat_patches","",""
"rural-planet-199","finished","GeoTessera_v1.1","large","2026-05-18T05:20:30.000Z","3783","patch_classification","efficientnet_b7","[""London"",""Nairobi""]","0.687740683555603","0.8880102038383484","0.6342689990997314","0.8880102038383484","0.8672127723693848","","9.418716606173303","0.6960842609405518","0.8913267850875854","0.6855775117874146","0.8913267850875854","0.8726838231086731","","4.252147790594179","0.8137898445129395","0.9479716420173644","0.8313610553741455","0.9479716420173644","0.9399960041046144","0.18534039961552556","","","64","","128","63902497","17","32","2017","50","50","10","0.001","0.0001","","grid","3920","24265","3874","so2sat_patches","",""
"tough-plant-198","finished","GeoTessera_v1.1","medium","2026-05-18T04:18:09.000Z","2371","patch_classification","efficientnet_b5","[""London"",""Nairobi""]","0.7650059461593628","0.9275510311126708","0.7071608304977417","0.9275510311126708","0.9138001799583436","","0.33028252646627443","0.7722291946411133","0.9099122285842896","0.7634730339050293","0.9099122285842896","0.8943610787391663","","0.41683373679635954","0.9025774002075196","0.9663175940513612","0.9135168194770812","0.9663175940513612","0.961181342601776","0.13328633100620046","","","64","","128","28429617","17","32","2017","50","50","10","0.001","0.0001","","grid","3920","24265","3874","so2sat_patches","",""
"glamorous-yogurt-197","finished","GeoTessera_v1.1","small","2026-05-18T03:35:07.000Z","1753","patch_classification","efficientnet_b1","[""London"",""Nairobi""]","0.7213106155395508","0.918367326259613","0.6843059659004211","0.918367326259613","0.9029547572135924","","0.5676555392302333","0.7787185907363892","0.9212700128555298","0.7754079103469849","0.9212700128555298","0.9076640605926514","","0.33930875147219564","0.9422964453697203","0.9733673930168152","0.9482542276382446","0.9733673930168152","0.9693140387535096","0.11397049904341432","","","64","","128","6570961","17","32","2017","50","50","10","0.001","0.0001","","grid","3920","24265","3874","so2sat_patches","",""
"playful-plant-196","finished","GeoTessera","large","2026-05-18T02:22:23.000Z","3756","patch_classification","efficientnet_b7","[""London"",""Nairobi""]","0.7443652749061584","0.9322417974472046","0.6849393844604492","0.9322417974472046","0.9196731448173524","","3.413040379372736","0.8215450048446655","0.9347158074378968","0.8217750191688538","0.9347158074378968","0.9234761595726012","","1.3282390762601168","0.9534887075424194","0.9785619974136353","0.9578869938850404","0.9785619974136353","0.9753016233444214","0.09737988745567629","","","64","","128","63902497","17","32","2017","50","50","10","0.001","0.0001","","grid","3970","24292","3906","so2sat_patches","",""
"kind-universe-195","finished","GeoTessera","medium","2026-05-18T01:32:54.000Z","2417","patch_classification","efficientnet_b5","[""London"",""Nairobi""]","0.823460578918457","0.9350125789642334","0.7576240301132202","0.9350125789642334","0.9229190945625304","","0.32791540807201747","0.7569602727890015","0.9221709966659546","0.7549266815185547","0.9221709966659546","0.908974826335907","","13.486104364891824","0.9612964391708374","0.9788506031036376","0.9600180387496948","0.9788506031036376","0.9756340980529784","0.09529108685222616","","","64","","128","28429617","17","32","2017","50","50","10","0.001","0.0001","","grid","3970","24292","3906","so2sat_patches","",""
"tough-microwave-194","finished","GeoTessera","small","2026-05-18T00:55:41.000Z","1710","patch_classification","efficientnet_b1","[""London"",""Nairobi""]","0.8346696496009827","0.9375314712524414","0.7802087664604187","0.9375314712524414","0.9259209632873536","","0.3693748162911525","0.8263347148895264","0.92780339717865","0.8214442729949951","0.92780339717865","0.9154090285301208","","0.354243422711959","0.9570729732513428","0.9777374863624572","0.9615118503570556","0.9777374863624572","0.9743466973304749","0.10042521719007426","","","64","","128","6570961","17","32","2017","50","50","10","0.001","0.0001","","grid","3970","24292","3906","so2sat_patches","",""
"efficient-sun-193","finished","EmbeddedSeamless","large","2026-05-18T00:20:38.000Z","1540","patch_classification","mobilenetv4_conv_large","[""London"",""Nairobi""]","0.5937493443489075","0.826448380947113","0.5966799855232239","0.826448380947113","0.7914761304855347","","0.7869748336573442","0.6098074913024902","0.8284690380096436","0.6147705316543579","0.8284690380096436","0.7968975305557251","","0.6716854173930422","0.8259220719337463","0.8940468430519104","0.8581637740135193","0.8940468430519104","0.8770595192909241","0.33057410875458204","","","64","","72","31346545","17","32","2017","50","50","10","0.001","0.0001","","grid","3970","24292","3906","so2sat_patches","",""
"hardy-water-192","finished","EmbeddedSeamless","medium","2026-05-17T23:52:09.000Z","1216","patch_classification","mobilenetv3_large_150d","[""London"",""Nairobi""]","0.5558367967605591","0.8357682824134827","0.5675821304321289","0.8357682824134827","0.8024106621742249","","0.6265663685838855","0.5777500867843628","0.8243727684020996","0.5814253091812134","0.8243727684020996","0.790911853313446","","0.6594692628470159","0.7013670802116394","0.8655590415000916","0.7567840814590454","0.8655590415000916","0.843199610710144","0.4298261757890908","","","64","","72","13378001","17","32","2017","50","50","10","0.001","0.0001","","grid","3970","24292","3906","so2sat_patches","",""
"resilient-wood-191","finished","EmbeddedSeamless","small","2026-05-17T23:30:25.000Z","1084","patch_classification","mobilenetv3_small_100","[""London"",""Nairobi""]","0.556570291519165","0.8244332671165466","0.5587531328201294","0.8244332671165466","0.7897135615348816","","0.7419632805718316","0.6965136528015137","0.8353814482688904","0.7063307762145996","0.8353814482688904","0.8042736053466797","","0.6157363794984356","0.7862690687179565","0.8823384046554565","0.834437906742096","0.8823384046554565","0.8631309866905212","0.37545051565270937","","","64","","72","1545217","17","32","2017","50","50","10","0.001","0.0001","","grid","3970","24292","3906","so2sat_patches","",""
"exalted-lion-187","finished","GeoTessera_v1.1","large","2026-05-17T20:50:25.000Z","1769","patch_classification","mobilenetv4_conv_large","[""London"",""Nairobi""]","0.8259190320968628","0.9293367266654968","0.7720084190368652","0.9293367266654968","0.9161038994789124","","0.34173320162846077","0.8362541198730469","0.926174521446228","0.8247222304344177","0.926174521446228","0.9136387705802916","","0.3527349484702725","0.9679363369941713","0.9809944033622742","0.9678455591201782","0.9809944033622742","0.978104829788208","0.08606252593718135","","","64","","128","31358641","17","32","2017","50","50","10","0.001","0.0001","","grid","3920","24265","3874","so2sat_patches","",""
"summer-smoke-186","finished","GeoTessera_v1.1","medium","2026-05-17T20:06:21.000Z","1717","patch_classification","mobilenetv3_large_150d","[""London"",""Nairobi""]","0.7460845112800598","0.9237244725227356","0.677278995513916","0.9237244725227356","0.9094238877296448","","0.2997370871955589","0.7128950357437134","0.9052658677101136","0.7032278776168823","0.9052658677101136","0.8889541625976562","","0.3844099540080203","0.8829573392868042","0.9647510051727296","0.8969005942344666","0.9647510051727296","0.959374189376831","0.13813401593539204","","","64","","128","13390097","17","32","2017","50","50","10","0.001","0.0001","","grid","3920","24265","3874","so2sat_patches","",""
"dutiful-violet-185","finished","GeoTessera_v1.1","small","2026-05-17T18:46:57.000Z","1699","patch_classification","mobilenetv3_small_100","[""London"",""Nairobi""]","0.8182035088539124","0.9380102157592772","0.7512436509132385","0.9380102157592772","0.9263217449188232","","0.2358034446369857","0.7329704761505127","0.9096540808677672","0.7210944294929504","0.9096540808677672","0.8941616415977478","","0.3625322802022832","0.916598618030548","0.966647446155548","0.9259089827537536","0.966647446155548","0.9615694880485536","0.13182720135022594","","","64","","128","1553281","17","32","2017","50","49","10","0.001","0.0001","","grid","3920","24265","3874","so2sat_patches","",""
"stilted-grass-184","finished","GeoTessera","large","2026-05-17T18:08:16.000Z","1802","patch_classification","mobilenetv4_conv_large","[""London"",""Nairobi""]","0.7959630489349365","0.940554141998291","0.74760901927948","0.940554141998291","0.9295552372932434","","0.32971332085111904","0.8490809798240662","0.9301075339317322","0.840888261795044","0.9301075339317322","0.9182326197624208","","0.36526019226256456","0.97874116897583","0.9838390350341796","0.9759666919708252","0.9838390350341796","0.9813820123672484","0.07338393135807209","","","64","","128","31358641","17","32","2017","50","50","10","0.001","0.0001","","grid","3970","24292","3906","so2sat_patches","",""
"worthy-hill-183","finished","GeoTessera","medium","2026-05-17T17:30:23.000Z","1743","patch_classification","mobilenetv3_large_150d","[""London"",""Nairobi""]","0.8622816801071167","0.936775803565979","0.7783020734786987","0.936775803565979","0.9250448942184448","","0.33714454322462045","0.8137714862823486","0.9280593991279602","0.7983100414276123","0.9280593991279602","0.9157015085220336","","0.364870403780632","0.9465131163597108","0.9766655564308168","0.94865882396698","0.9766655564308168","0.973114013671875","0.10374086878156796","","","64","","128","13390097","17","32","2017","50","50","10","0.001","0.0001","","grid","3970","24292","3906","so2sat_patches","",""
"zany-blaze-182","finished","GeoTessera","small","2026-05-17T16:59:09.000Z","1352","patch_classification","mobilenetv3_small_100","[""London"",""Nairobi""]","0.8207063674926758","0.9206548929214478","0.7459508180618286","0.9206548929214478","0.905634343624115","","0.3853509628346988","0.7388567924499512","0.918586790561676","0.730139970779419","0.918586790561676","0.904642939567566","","0.4443785897756536","0.9565434455871582","0.977902352809906","0.9588375687599182","0.977902352809906","0.9745429158210754","0.10057182441708833","","","64","","128","1553281","17","32","2017","50","38","10","0.001","0.0001","","grid","3970","24292","3906","so2sat_patches","",""
"glamorous-universe-181","finished","EmbeddedSeamless","large","2026-05-17T15:12:12.000Z","1324","patch_classification","convnext_large","[""London"",""Nairobi""]","0.5101497173309326","0.7889168858528137","0.5137511491775513","0.7889168858528137","0.7488641142845154","","0.7607782643938822","0.5385618209838867","0.7811059951782227","0.514439046382904","0.7811059951782227","0.7403018474578857","","0.8482556162822631","0.6167693138122559","0.828825831413269","0.6608120203018188","0.828825831413269","0.800601065158844","0.5742927611975054","","","64","","72","196468433","17","32","2017","50","16","10","0.001","0.0001","","grid","3970","24292","3906","so2sat_patches","",""
"rare-energy-180","finished","EmbeddedSeamless","medium","2026-05-17T14:35:02.000Z","1457","patch_classification","convnext_base","[""London"",""Nairobi""]","0.4974563717842102","0.8093199133872986","0.4947264492511749","0.8093199133872986","0.7707675099372864","","0.7051698295843034","0.5789284110069275","0.7849462628364563","0.5800920724868774","0.7849462628364563","0.7436842918395996","","0.7709890834746822","0.6968181729316711","0.8547163605690002","0.7443658113479614","0.8547163605690002","0.8306602239608765","0.4791022786443026","","","64","","72","87725201","17","32","2017","50","34","10","0.001","0.0001","","grid","3970","24292","3906","so2sat_patches","",""
"breezy-pine-179","finished","EmbeddedSeamless","small","2026-05-17T14:18:02.000Z","330","patch_classification","convnext_tiny","[""London"",""Nairobi""]","0.482812225818634","0.7803526520729065","0.4687992930412293","0.7803526520729065","0.737381100654602","","0.7852885160181258","0.5051087141036987","0.7898105382919312","0.49331748485565186","0.7898105382919312","0.7498055696487427","","0.8105040694917401","0.5712253451347351","0.8216111660003662","0.6003129482269287","0.8216111660003662","0.7926276922225952","0.6166654135589549","","","64","","72","27939185","17","32","2017","50","14","10","0.001","0.0001","","grid","3970","24292","3906","so2sat_patches","",""
"earnest-water-175","finished","GeoTessera_v1.1","large","2026-05-17T11:33:27.000Z","2046","patch_classification","convnext_large","[""London"",""Nairobi""]","0.7219313383102417","0.8829081654548645","0.651680588722229","0.8829081654548645","0.8617925643920898","","0.3964306322196799","0.6624183058738708","0.8804852962493896","0.625851035118103","0.8804852962493896","0.859688401222229","","0.4477598416756411","0.8384828567504883","0.9392727613449096","0.8568377494812012","0.9392727613449096","0.9299601316452026","0.22316668137888324","","","64","","128","196640465","17","32","2017","50","24","10","0.001","0.0001","","grid","3920","24265","3874","so2sat_patches","",""
"atomic-gorge-174","finished","GeoTessera_v1.1","medium","2026-05-17T10:45:17.000Z","2325","patch_classification","convnext_base","[""London"",""Nairobi""]","0.6857785582542419","0.9204081892967224","0.6404925584793091","0.9204081892967224","0.9055001139640808","","0.3727565415714297","0.7145062685012817","0.8985544443130493","0.7121434211730957","0.8985544443130493","0.8809255957603455","","0.4128431152613437","0.8998833894729614","0.962607204914093","0.9146755933761596","0.962607204914093","0.9568783044815063","0.16021524597755524","","","64","","128","87839889","17","32","2017","50","50","10","0.001","0.0001","","grid","3920","24265","3874","so2sat_patches","",""
"quiet-dragon-173","finished","GeoTessera_v1.1","small","2026-05-17T09:59:16.000Z","519","patch_classification","convnext_tiny","[""London"",""Nairobi""]","0.651161789894104","0.8890306353569031","0.6084810495376587","0.8890306353569031","0.8684028387069702","","0.36722854921414005","0.6173875331878662","0.8500258326530457","0.5995498895645142","0.8500258326530457","0.8227940797805786","","0.4762117837051876","0.7772737145423889","0.9273993968963624","0.8001322746276855","0.9273993968963624","0.9162175059318542","0.25801224353917357","","","64","","128","28025201","17","32","2017","50","15","10","0.001","0.0001","","grid","3920","24265","3874","so2sat_patches","",""
"hardy-flower-172","finished","GeoTessera","large","2026-05-17T08:39:01.000Z","4219","patch_classification","convnext_large","[""London"",""Nairobi""]","0.7782036662101746","0.925440788269043","0.7372562885284424","0.925440788269043","0.911671817302704","","0.399160799230375","0.792731761932373","0.9219149947166444","0.7796453237533569","0.9219149947166444","0.9085787534713744","","0.3879718365928819","0.936484694480896","0.977201521396637","0.9489825963974","0.977201521396637","0.9737258553504944","0.12096577707560129","","","64","","128","196640465","17","32","2017","50","50","10","0.001","0.0001","","grid","3970","24292","3906","so2sat_patches","",""
"playful-lion-171","finished","GeoTessera","medium","2026-05-17T08:09:53.000Z","1207","patch_classification","convnext_base","[""London"",""Nairobi""]","0.6983960866928101","0.8977329730987549","0.6557331085205078","0.8977329730987549","0.8788137435913086","","0.4845213944476749","0.7325518131256104","0.9121863842010498","0.7550629377365112","0.9121863842010498","0.8966267108917236","","0.4041687912728277","0.9016261100769044","0.9632256031036376","0.9150835275650024","0.9632256031036376","0.9576117992401124","0.15925771569572683","","","64","","128","87839889","17","32","2017","50","26","10","0.001","0.0001","","grid","3970","24292","3906","so2sat_patches","",""
"toasty-dream-170","finished","GeoTessera","small","2026-05-17T07:45:51.000Z","918","patch_classification","convnext_tiny","[""London"",""Nairobi""]","0.7119914293289185","0.8967254161834717","0.6447964906692505","0.8967254161834717","0.8782562017440796","","0.45694759653674233","0.7157189846038818","0.9006656408309937","0.732029914855957","0.9006656408309937","0.8830047249794006","","0.4261118277246433","0.894023060798645","0.9630606770515442","0.907013177871704","0.9630606770515442","0.9574176669120787","0.16344179002209358","","","64","","128","28025201","17","32","2017","50","27","10","0.001","0.0001","","grid","3970","24292","3906","so2sat_patches","",""
"visionary-durian-169","finished","EmbeddedSeamless","large","2026-05-17T05:23:48.000Z","3731","patch_classification","densenet264d","[""London"",""Nairobi""]","0.5603845715522766","0.8244332671165466","0.5677763223648071","0.8244332671165466","0.7905833721160889","","0.7816777985602145","0.7100909948348999","0.8228366374969482","0.7045414447784424","0.8228366374969482","0.7907705307006836","","0.7359263914366884","0.8447017669677734","0.906002640724182","0.8717119097709656","0.906002640724182","0.8910349607467651","0.29009009650994416","","","64","","72","68801585","17","32","2017","50","45","10","0.001","0.0001","","grid","3970","24292","3906","so2sat_patches","",""
"smart-blaze-168","finished","EmbeddedSeamless","medium","2026-05-17T04:50:32.000Z","1376","patch_classification","densenet201","[""London"",""Nairobi""]","0.6103942394256592","0.8370277285575867","0.609882652759552","0.8370277285575867","0.8049560785293579","","0.6982993861985585","0.6907358765602112","0.8151561617851257","0.6919850707054138","0.8151561617851257","0.7824559211730957","","0.726689318855924","0.8267045021057129","0.8966853618621826","0.8596063852310181","0.8966853618621826","0.8801232576370239","0.3243269174701306","","","64","","72","18341969","17","32","2017","50","30","10","0.001","0.0001","","grid","3970","24292","3906","so2sat_patches","",""
"denim-energy-167","finished","EmbeddedSeamless","small","2026-05-17T04:16:59.000Z","1358","patch_classification","densenet161","[""London"",""Nairobi""]","0.633132815361023","0.8425692915916443","0.6223042607307434","0.8425692915916443","0.811478316783905","","0.6426293640545319","0.6984452605247498","0.8310291767120361","0.6839426755905151","0.8310291767120361","0.8010082244873047","","0.6699175525817179","0.826019287109375","0.8961493968963623","0.8588987588882446","0.8961493968963623","0.879533052444458","0.323296507088207","","","64","","72","26834129","17","32","2017","50","31","10","0.001","0.0001","","grid","3970","24292","3906","so2sat_patches","",""
"swift-leaf-163","finished","GeoTessera_v1.1","large","2026-05-17T01:43:44.000Z","3063","patch_classification","densenet264d","[""London"",""Nairobi""]","0.8633334636688232","0.935714304447174","0.8028874397277832","0.935714304447174","0.9237560033798218","","0.28366250092644363","0.8410627841949463","0.931595265865326","0.847220778465271","0.931595265865326","0.919958233833313","","0.33754837326705456","0.9696290493011476","0.980911910533905","0.9701871871948242","0.980911910533905","0.9780086278915404","0.09064387270104445","","","64","","128","68825777","17","32","2017","50","34","10","0.001","0.0001","","grid","3920","24265","3874","so2sat_patches","",""
"treasured-water-162","finished","GeoTessera_v1.1","medium","2026-05-17T00:55:30.000Z","2608","patch_classification","densenet201","[""London"",""Nairobi""]","0.8890777230262756","0.9423469305038452","0.849185585975647","0.9423469305038452","0.9315739274024964","","0.2487264879896576","0.8719895482063293","0.93262779712677","0.873721718788147","0.93262779712677","0.9210596084594728","","0.3337701165086788","0.97965407371521","0.9846636056900024","0.977888524532318","0.9846636056900024","0.9823331236839294","0.0647386281375127","","","64","","128","18517585","17","32","2017","50","50","10","0.001","0.0001","","grid","3920","24265","3874","so2sat_patches","",""
"fast-firefly-161","finished","GeoTessera_v1.1","small","2026-05-16T23:55:55.000Z","2390","patch_classification","densenet161","[""London"",""Nairobi""]","0.8885881900787354","0.939285695552826","0.8408100605010986","0.939285695552826","0.9279688000679016","","0.31121866516355845","0.8750196695327759","0.9305627346038818","0.8774210810661316","0.9305627346038818","0.918599247932434","","0.34717481100901226","0.9791861772537231","0.984375","0.9775756001472472","0.984375","0.982000470161438","0.06755429650607733","","","64","","128","27097553","17","32","2017","50","50","10","0.001","0.0001","","grid","3920","24265","3874","so2sat_patches","",""
"twilight-pyramid-160","finished","GeoTessera","large","2026-05-16T22:27:20.000Z","3414","patch_classification","densenet264d","[""London"",""Nairobi""]","0.8695106506347656","0.9390428066253662","0.8197823762893677","0.9390428066253662","0.9276397228240968","","0.3763285916121233","0.8558663129806519","0.9313876032829284","0.850961446762085","0.9313876032829284","0.919718623161316","","0.35058208382613354","0.9791725873947144","0.9844162464141846","0.9775665998458862","0.9844162464141846","0.9820468425750732","0.07211092730128946","","","64","","128","68825777","17","32","2017","50","40","10","0.001","0.0001","","grid","3970","24292","3906","so2sat_patches","",""
"copper-water-159","finished","GeoTessera","medium","2026-05-16T21:19:21.000Z","1751","patch_classification","densenet201","[""London"",""Nairobi""]","0.8878796696662903","0.9420654773712158","0.8131122589111328","0.9420654773712158","0.9310527443885804","","0.327216363881552","0.840848445892334","0.9280593991279602","0.8303048610687256","0.9280593991279602","0.9158379435539246","","0.3781283521074651","0.9727373719215392","0.9826846718788148","0.970931112766266","0.9826846718788148","0.9800525903701782","0.07902053931462616","","","64","","128","18517585","17","32","2017","50","34","10","0.001","0.0001","","grid","3970","24292","3906","so2sat_patches","",""
"comic-sound-158","finished","GeoTessera","small","2026-05-16T20:12:53.000Z","2095","patch_classification","densenet161","[""London"",""Nairobi""]","0.8854089975357056","0.9377833604812622","0.8059524297714233","0.9377833604812622","0.9262468814849854","","0.31971912402363994","0.844075083732605","0.9318996667861938","0.839486837387085","0.9318996667861938","0.9203669428825378","","0.3406753877418176","0.9796568155288696","0.9846636056900024","0.9776521325111388","0.9846636056900024","0.982332408428192","0.06521966797053952","","","64","","128","27097553","17","32","2017","50","42","10","0.001","0.0001","","grid","3970","24292","3906","so2sat_patches","",""